FIPS,births_2017,deaths_2017,population_2017,population_2010,N
00000,3946000,2744040,325719178,308745538,
01000,58389,52390,4874747,4779736,
01001,664,510,55504,54571,
01003,2325,2090,212628,182265,
01005,270,286,25270,27457,
01007,270,233,22668,22915,
01009,685,653,58013,57322,
01011,138,118,10309,10914,
01013,228,253,19825,20947,
01015,1342,1427,114728,118572,
01017,384,468,33713,34215,
01019,244,338,25857,25989,
01021,523,476,44067,43643,
01023,143,174,12945,13859,
01025,270,321,24083,25833,
01027,134,184,13367,13932,
01029,154,190,14900,14972,
01031,643,517,51874,49948,
01033,618,684,54500,54428,
01035,148,166,12469,13228,
01037,86,114,10754,11539,
01039,443,511,37092,37765,
01041,163,183,13871,13906,
01043,991,1014,82755,80406,
01045,638,543,49226,50251,
01047,492,552,39215,43820,
01049,839,770,71617,71109,
01051,889,803,81677,79303,
01053,429,499,37447,38319,
01055,1192,1444,102755,104430,
01057,165,230,16468,17241,
01059,421,365,31495,31704,
01061,279,359,26421,26790,
01063,95,95,8330,9045,
01065,187,195,14812,15760,
01067,175,202,17147,17302,
01069,1286,1116,104346,101547,
01071,554,686,51909,53227,
01073,8532,7192,659197,658466,
01075,155,189,13946,14564,
01077,925,1128,92538,92709,
01079,366,403,33049,34339,
01081,1947,1048,161604,140247,
01083,1020,772,94402,82782,
01085,120,147,10076,11299,
01087,189,262,18755,21452,
01089,4174,3193,361046,334811,
01091,237,271,19375,21027,
01093,300,388,29833,30776,
01095,1335,1146,95548,93019,
01097,5475,4481,413955,412992,
01099,212,247,21327,23068,
01101,3038,2158,226646,229363,
01103,1398,1280,118818,119490,
01105,126,129,9339,10591,
01107,226,251,20176,19746,
01109,378,330,33267,32899,
01111,232,280,22670,22913,
01113,821,642,57045,52947,
01115,1038,970,88199,83593,
01117,2363,1534,213605,195085,
01119,139,157,12687,13763,
01121,838,1044,80065,82291,
01123,452,561,40681,41616,
01125,2537,1799,207811,194656,
01127,777,974,64058,67023,
01129,170,201,16531,17581,
01131,131,123,10719,11670,
01133,231,321,23722,24484,
02000,11163,4543,739795,710231,
02013,12,6,3370,3141,
02016,34,8,5763,5561,
02020,4479,1773,294356,291826,
02050,424,146,18076,17013,
02060,10,8,867,997,
02068,29,7,2074,1826,
02070,104,38,4932,4847,
02090,1700,494,99703,97581,
02100,17,6,2526,2508,
02105,16,12,2145,2150,
02110,357,175,32094,31275,
02122,732,486,58617,55400,
02130,148,82,13856,13477,
02150,208,43,13448,13592,
02158,233,90,8202,7459,
02164,36,12,1620,1631,
02170,1568,589,106532,88995,
02180,209,117,9921,9492,
02185,154,60,9782,9430,
02188,166,84,7684,7523,
02195,29,21,3281,3815,
02198,77,56,6443,5559,
02220,83,41,8689,8881,
02230,13,14,1157,968,
02240,101,33,6888,7029,
02261,131,40,9278,9636,
02275,20,24,2521,2369,
02282,8,2,605,662,
02290,65,76,5365,5588,
04000,85634,57553,7016270,6392017,
04001,1073,684,71606,71518,
04003,1498,1292,124756,131346,
04005,1615,888,140776,134421,
04007,589,831,53501,53597,
04009,565,276,37466,37220,
04011,150,35,9455,8437,
04012,212,268,20601,20489,
04013,55050,31286,4307033,3817117,
04015,1798,3169,207200,200186,
04017,1523,1029,108956,107449,
04019,11490,9881,1022769,980263,
04021,4542,3090,430237,375770,
04023,628,324,46212,47420,
04025,1887,2895,228168,211033,
04027,3014,1605,207534,195751,
05000,38236,30395,3004279,2915918,
05001,233,223,17967,19019,
05003,214,250,20283,21853,
05005,372,678,41355,41513,
05007,3692,1701,266300,221339,
05009,450,457,37381,36903,
05011,135,134,10864,11508,
05013,45,48,5247,5368,
05015,324,296,27944,27446,
05017,124,165,10636,11800,
05019,225,255,22293,22995,
05021,166,200,14920,16083,
05023,227,382,25048,25970,
05025,68,80,8202,8689,
05027,282,289,23627,24552,
05029,235,208,20916,21273,
05031,1569,982,107115,96443,
05033,771,624,62996,61948,
05035,828,522,48750,50902,
05037,217,205,16863,17870,
05039,70,76,7393,8116,
05041,158,174,11764,13008,
05043,241,198,18547,18509,
05045,1530,867,123654,113237,
05047,186,181,17890,18125,
05049,122,199,12055,12245,
05051,1104,1277,98658,96024,
05053,181,166,18165,17853,
05055,594,479,45053,42090,
05057,297,231,21861,22609,
05059,325,359,33574,32923,
05061,204,164,13478,13789,
05063,494,421,37504,36647,
05065,104,187,13686,13696,
05067,203,207,17135,17997,
05069,831,822,69115,77435,
05071,362,246,26552,25540,
05073,71,94,6862,7645,
05075,177,262,16525,17415,
05077,94,108,9176,10424,
05079,156,154,13646,14134,
05081,122,173,12359,13171,
05083,270,292,21722,22353,
05085,975,663,72898,68356,
05087,200,135,16339,15717,
05089,164,265,16428,16653,
05091,608,449,43984,43462,
05093,626,501,42159,46480,
05095,94,111,7085,8149,
05097,85,144,8919,9487,
05099,93,103,8327,8997,
05101,82,101,7828,8330,
05103,266,328,23868,26120,
05105,119,120,10348,10445,
05107,290,265,18572,21757,
05109,119,126,10726,11291,
05111,337,332,24154,24583,
05113,214,277,20118,20662,
05115,811,560,63835,61754,
05117,76,113,8248,8715,
05119,5417,3688,393956,382748,
05121,193,255,17557,17969,
05123,334,303,25930,28258,
05125,1353,1074,119323,107118,
05127,123,111,10445,11233,
05129,79,110,7938,8195,
05131,1711,1225,128107,125744,
05133,233,145,17115,17058,
05135,251,230,17393,17264,
05137,120,159,12537,12394,
05139,576,546,39449,41639,
05141,146,239,16506,17295,
05143,3240,1531,231996,203065,
05145,906,813,79016,77076,
05147,57,99,6571,7260,
05149,265,238,21523,22185,
06000,487916,273977,39536653,37253956,
06001,19483,10786,1663190,1510271,
06003,4,7,1120,1175,
06005,309,408,38626,38091,
06007,2473,2373,229294,220000,
06009,387,515,45670,45578,
06011,301,115,21805,21419,
06013,12626,8345,1147439,1049025,
06015,306,264,27470,28610,
06017,1587,1635,188987,181058,
06019,15228,7120,989255,930450,
06021,371,223,28094,28122,
06023,1446,1332,136754,134623,
06025,3106,1030,182830,174528,
06027,194,195,18026,18546,
06029,13643,6050,893119,839631,
06031,2220,865,150101,152982,
06033,702,798,64246,64665,
06035,312,226,31163,34895,
06037,122923,67251,10163507,9818605,
06039,2181,1004,156890,150865,
06041,2202,1944,260955,252409,
06043,158,156,17569,18251,
06045,1035,861,88018,87841,
06047,4073,1703,272673,255793,
06049,80,106,8859,9686,
06051,146,45,14168,14202,
06053,6316,2600,437907,415057,
06055,1446,1314,140973,136484,
06057,858,922,99814,98764,
06059,37171,20686,3190400,3010232,
06061,3770,3263,386166,348432,
06063,164,228,18742,20007,
06065,30599,17222,2423266,2189641,
06067,19385,11843,1530615,1418788,
06069,725,330,60310,55269,
06071,30317,14611,2157404,2035210,
06073,43652,22715,3337685,3095313,
06075,9033,6300,884363,805235,
06077,10019,5409,745424,685306,
06079,2644,2359,283405,269637,
06081,8948,5108,771410,718451,
06083,5662,3182,448150,423895,
06085,23101,11030,1938153,1781642,
06087,2808,1923,275897,262382,
06089,2042,2144,179921,177223,
06091,30,43,2999,3240,
06093,466,561,43853,44900,
06095,5160,3511,445458,413344,
06097,4963,4369,504217,483878,
06099,7740,3987,547899,514453,
06101,1275,804,96648,94737,
06103,813,613,63926,63463,
06105,99,164,12709,13786,
06107,7292,2983,464493,442179,
06109,466,532,54248,55365,
06111,9898,6012,854223,823318,
06113,2406,1340,219116,200849,
06115,1152,512,77031,72155,
08000,67638,37427,5607154,5029196,
08001,7016,3048,503167,441603,
08003,211,125,16551,15445,
08005,8108,4093,643052,572003,
08007,130,99,13315,12084,
08009,31,40,3562,3788,
08011,35,48,5938,6499,
08013,2840,1853,322514,294567,
08014,744,361,68341,55889,
08015,136,159,19638,17809,
08017,25,13,1845,1836,
08019,65,57,9574,9088,
08021,105,68,8184,8256,
08023,26,22,3776,3524,
08025,37,36,5810,5823,
08027,25,39,4874,4255,
08029,297,369,30568,30952,
08031,9894,4821,704621,600158,
08033,15,9,2067,2064,
08035,3478,1396,335299,285465,
08037,636,115,54772,52197,
08039,219,139,25642,23086,
08041,9661,4606,699232,622263,
08043,392,548,47559,46824,
08045,827,344,59118,56389,
08047,42,23,6013,5441,
08049,127,46,15321,14843,
08051,158,67,16939,15324,
08053,2,0,794,843,
08055,44,85,6662,6711,
08057,16,8,1385,1394,
08059,6073,4418,574613,534543,
08061,17,14,1376,1398,
08063,102,76,7158,8270,
08065,78,28,7778,7310,
08067,560,353,55589,51334,
08069,3488,2202,343976,299630,
08071,138,164,14238,15507,
08073,53,45,5546,5467,
08075,232,213,21896,22709,
08077,1762,1451,151616,146723,
08079,8,2,766,712,
08081,187,85,13131,13795,
08083,297,275,26140,25535,
08085,447,434,41784,41276,
08087,443,250,28192,28159,
08089,217,208,18326,18831,
08091,32,30,4794,4436,
08093,125,111,17905,16206,
08095,65,53,4292,4442,
08097,143,35,17890,17148,
08099,177,124,12070,12551,
08101,1859,1715,166475,159063,
08103,73,39,6420,6666,
08105,130,121,11301,11982,
08107,231,117,25220,23509,
08109,70,51,6626,6108,
08111,6,3,715,699,
08113,65,20,7967,7359,
08115,33,23,2344,2379,
08117,291,58,30585,27994,
08119,200,170,24646,23350,
08121,55,47,4938,4814,
08123,4485,1758,304633,252825,
08125,154,97,10075,10043,
09000,35183,30245,3588184,3574097,
09001,9921,6774,949921,916829,
09003,9107,8063,895388,894014,
09005,1423,1772,182177,189927,
09007,1321,1447,163410,165676,
09009,8650,7635,860435,862477,
09011,2564,2521,269033,274055,
09013,1119,1004,151461,152691,
09015,1078,1029,116359,118428,
10000,11010,9005,961939,897934,
10001,2172,1667,176824,162310,
10003,6531,4718,559793,538479,
10005,2307,2620,225322,197145,
11000,9715,5422,693972,601723,
11001,9715,5422,693972,601723,
12000,225447,203428,20984400,18801310,
12001,2893,2011,266944,247336,
12003,343,242,28283,27115,
12005,2350,1933,183563,168852,
12007,293,329,27038,28520,
12009,5309,7208,589162,543376,
12011,22363,15976,1935878,1748066,
12013,143,158,14483,14625,
12015,1047,2665,182033,159978,
12017,1061,2542,145647,141236,
12019,2246,1778,212230,190865,
12021,3304,3583,372880,321520,
12023,807,809,69612,67531,
12027,368,306,36862,34862,
12029,153,191,16673,16422,
12031,13171,8437,937934,864263,
12033,3948,3443,313512,297619,
12035,802,1261,110510,95696,
12037,96,112,11727,11549,
12039,546,482,46071,46389,
12041,194,167,17743,16939,
12043,78,126,13754,12884,
12045,118,171,16160,15863,
12047,161,109,14184,14799,
12049,379,191,27411,27731,
12051,596,313,40347,39140,
12053,1640,2761,186553,172778,
12055,935,1536,102883,98786,
12057,17606,11302,1408566,1229226,
12059,200,237,19558,19927,
12061,1260,2112,154383,138028,
12063,497,607,48330,49746,
12065,120,160,14144,14761,
12067,62,70,8451,8870,
12069,3302,4192,346017,297052,
12071,6892,7417,739224,618754,
12073,2995,1855,290292,275487,
12075,393,542,40355,40801,
12077,74,59,8242,8365,
12079,196,225,18449,19224,
12081,3558,4100,385571,322833,
12083,3533,4945,354353,331298,
12085,1291,2018,159923,146318,
12086,32043,21604,2751796,2496435,
12087,737,761,77013,73090,
12089,819,897,82721,73314,
12091,2772,1829,202970,180822,
12093,503,418,41605,39996,
12095,16839,8275,1348975,1145956,
12097,4364,2235,352180,268685,
12099,15013,15169,1471150,1320134,
12101,5205,6151,525643,464697,
12103,8660,12482,970637,916542,
12105,7779,6773,686483,602095,
12107,825,941,73464,74364,
12109,2169,1934,243812,190039,
12111,3096,3348,313506,277789,
12113,1951,1496,174272,151372,
12115,2905,5864,419119,379448,
12117,4668,3566,462659,422718,
12119,494,1857,125165,93420,
12121,454,551,44190,41551,
12123,239,247,21833,22570,
12125,147,213,15517,15535,
12127,5066,6949,538692,494593,
12129,342,259,32120,30776,
12131,801,626,68376,55043,
12133,233,302,24567,24896,
13000,130814,82029,10429379,9687653,
13001,245,193,18521,18236,
13003,137,61,8342,8375,
13005,149,110,11319,11096,
13007,27,27,3200,3451,
13009,412,470,44906,45720,
13011,197,135,18634,18395,
13013,1108,584,79061,69367,
13015,1350,919,105054,100157,
13017,231,210,16996,17634,
13019,261,220,19186,19286,
13021,2130,1685,152862,155547,
13023,135,124,12830,13063,
13025,223,196,18731,18411,
13027,162,198,15587,16243,
13029,537,248,37060,30233,
13031,894,546,76149,70217,
13033,295,242,22522,23316,
13035,273,264,24059,23655,
13037,50,46,6455,6694,
13039,777,342,53044,50513,
13043,136,128,10797,10998,
13045,1551,1049,117812,110527,
13047,702,665,66550,63942,
13049,115,70,12715,12171,
13051,4005,2516,290501,265128,
13053,195,29,10343,11267,
13055,299,290,24770,26015,
13057,2791,1489,247573,214346,
13059,1369,767,127064,116714,
13061,31,40,2962,3183,
13063,4127,1733,285153,259424,
13065,94,66,6727,6798,
13067,9514,4498,755754,688078,
13069,560,408,43014,42356,
13071,622,444,45835,45498,
13073,1826,954,151579,124053,
13075,210,177,17277,17212,
13077,1622,1044,143114,127317,
13079,92,144,12295,12630,
13081,301,268,22736,23439,
13083,165,173,16285,16633,
13085,261,192,24379,22330,
13087,372,330,26716,27842,
13089,11021,4637,753253,691893,
13091,201,241,20730,21796,
13093,106,109,13737,14918,
13095,1221,933,89502,94565,
13097,1762,1015,143882,132403,
13099,125,140,10296,11008,
13101,34,24,3936,4034,
13103,788,442,59982,52250,
13105,215,259,19109,20166,
13107,291,280,22530,22598,
13109,141,107,10775,11000,
13111,210,328,25322,23682,
13113,895,864,112549,106567,
13115,1217,1079,97613,96317,
13117,2367,1228,227967,175511,
13119,265,272,22820,22084,
13121,13053,7127,1041423,920581,
13123,337,337,30674,28292,
13125,28,34,3062,3082,
13127,953,893,85282,79626,
13129,716,519,57089,55186,
13131,335,263,24819,25011,
13133,158,207,17281,15994,
13135,11700,4475,920260,805321,
13137,512,459,44567,43041,
13139,2700,1539,199335,179684,
13141,66,115,8561,9429,
13143,342,355,29256,28780,
13145,295,307,33915,32024,
13147,267,300,25794,25213,
13149,115,130,11730,11834,
13151,2512,1526,225813,203922,
13153,2018,1234,153479,139900,
13155,91,106,9410,9538,
13157,850,579,67519,60485,
13159,150,118,13964,13900,
13161,212,164,15025,15068,
13163,210,222,15648,16930,
13165,93,100,8767,8340,
13167,93,96,9788,9980,
13169,248,285,28470,28669,
13171,212,220,18599,18317,
13173,127,100,10425,10078,
13175,634,560,47330,48434,
13177,320,218,29470,28298,
13179,1436,352,61386,63453,
13181,88,95,7880,7996,
13183,257,97,19014,14464,
13185,1630,917,115489,109233,
13187,280,269,32873,29966,
13189,283,248,21498,21875,
13191,107,119,14106,14333,
13193,135,154,13314,14740,
13195,344,265,29302,28120,
13197,85,81,8450,8742,
13199,248,271,21049,21992,
13201,61,77,5838,6125,
13205,249,224,22292,23498,
13207,261,312,27113,26424,
13209,88,78,9031,9123,
13211,199,152,18412,17868,
13213,463,410,39782,39628,
13215,2860,1961,194058,189885,
13217,1407,850,108078,99958,
13219,357,226,38028,32808,
13221,149,145,14877,14899,
13223,1777,975,159445,142324,
13225,329,273,27099,27695,
13227,295,351,31588,29431,
13229,249,204,19307,18758,
13231,163,180,18217,17869,
13233,577,501,42085,41475,
13235,84,126,11201,12010,
13237,231,256,21730,21218,
13239,28,16,2358,2513,
13241,157,217,16602,16276,
13243,76,74,7075,7719,
13245,2939,2005,201800,200549,
13247,1012,684,90312,85215,
13249,52,31,5213,5010,
13251,161,162,13953,14593,
13253,86,114,8292,8729,
13255,802,767,65380,64073,
13257,333,329,25890,26175,
13259,41,59,5985,6058,
13261,372,341,29847,32819,
13263,44,68,6249,6865,
13265,13,19,1628,1717,
13267,280,239,25334,25520,
13269,78,81,8142,8906,
13271,127,164,15989,16500,
13273,102,97,8729,9315,
13275,567,512,44779,44720,
13277,580,410,40598,40118,
13279,389,318,26999,27223,
13281,95,182,11506,10471,
13283,69,63,6740,6885,
13285,913,738,69786,67044,
13287,117,91,7961,8930,
13289,80,125,8174,9023,
13291,170,270,23459,21356,
13293,315,375,26135,27153,
13295,751,794,68939,68756,
13297,1181,843,91600,83768,
13299,501,423,35871,36312,
13301,51,64,5303,5834,
13303,216,237,20313,21187,
13305,382,341,29817,30099,
13307,24,17,2605,2799,
13309,63,64,7952,7421,
13311,272,280,29453,27144,
13313,1423,812,104658,102599,
13315,92,100,8800,9255,
13317,98,138,9892,10593,
13319,100,139,8959,9563,
13321,211,217,20533,21679,
15000,18019,12303,1427538,1360301,
15001,2347,1930,200381,185079,
15003,12927,8401,988650,953207,
15005,0,0,88,90,
15007,867,662,72159,67091,
15009,1878,1310,166260,154834,
16000,22981,12653,1716943,1567582,
16001,5170,2899,456849,392365,
16003,30,24,4147,3976,
16005,1210,662,85269,82839,
16007,80,59,6028,5986,
16009,106,113,9184,9285,
16011,702,363,45927,45607,
16013,222,104,22024,21376,
16015,42,54,7290,7028,
16017,415,422,43560,40877,
16019,1975,828,114595,104234,
16021,161,126,11922,10972,
16023,29,15,2602,2891,
16025,10,5,1102,1117,
16027,3206,1443,216699,188923,
16029,87,61,7034,6963,
16031,365,173,23664,22952,
16033,8,2,873,982,
16035,62,99,8546,8761,
16037,39,29,4172,4368,
16039,448,185,26823,27038,
16041,214,86,13564,12786,
16043,177,98,13094,13242,
16045,220,194,17379,16719,
16047,211,124,15124,15464,
16049,160,171,16369,16267,
16051,477,154,28446,26140,
16053,418,161,23627,22374,
16055,1856,1388,157637,138494,
16057,453,225,39333,37244,
16059,82,86,7875,7936,
16061,41,35,3887,3821,
16063,69,30,5318,5208,
16065,1092,111,39141,37536,
16067,307,151,20729,20069,
16069,488,461,40385,39265,
16071,53,29,4427,4286,
16073,136,89,11628,11526,
16075,286,193,23215,22623,
16077,125,63,7600,7817,
16079,155,174,12542,12765,
16081,164,41,11381,10170,
16083,1219,755,85124,77230,
16085,96,79,10687,9862,
16087,115,89,10121,10198,
17000,153991,106830,12802023,12830632,
17001,815,803,66234,67103,
17003,70,81,6315,8238,
17005,143,164,16948,17768,
17007,562,351,53513,54165,
17009,53,62,6716,6937,
17011,364,377,33243,34978,
17013,45,65,4833,5089,
17015,155,188,14518,15387,
17017,169,134,12505,13642,
17019,2360,1338,209399,201081,
17021,350,376,33102,34800,
17023,176,206,15767,16335,
17025,156,174,13269,13815,
17027,447,380,37614,37762,
17029,515,484,51979,53873,
17031,66843,41675,5211263,5194675,
17033,205,242,18961,19817,
17035,122,99,10908,11048,
17037,1178,707,104733,105160,
17039,194,211,15942,16561,
17041,279,162,19748,19980,
17043,10652,6451,930128,916924,
17045,166,227,17328,18576,
17047,77,65,6486,6721,
17049,467,339,34132,34242,
17051,231,200,21784,22140,
17053,135,195,13280,14081,
17055,465,508,39041,39561,
17057,314,452,35110,37069,
17059,60,80,5080,5589,
17061,125,162,13174,13886,
17063,601,396,50586,50063,
17065,90,100,8194,8457,
17067,216,218,18020,19104,
17069,34,60,4046,4320,
17071,51,83,6795,7331,
17073,570,540,49328,50486,
17075,283,327,27876,29718,
17077,705,455,58284,60218,
17079,115,92,9578,9698,
17081,485,432,38179,38827,
17083,178,193,21941,22985,
17085,178,245,21594,22678,
17087,99,134,12900,12582,
17089,6577,3369,534667,515269,
17091,1295,1126,109605,113449,
17093,1585,543,126218,114736,
17095,539,579,50638,52919,
17097,7588,4579,703520,703462,
17099,1255,1216,110067,113924,
17101,160,225,16168,16833,
17103,324,389,34406,36031,
17105,400,361,36518,38950,
17107,302,312,29245,30305,
17109,250,274,30823,32612,
17111,3256,2015,309122,308760,
17113,2078,1181,172290,169572,
17115,1313,1156,105801,110768,
17117,435,577,45446,47765,
17119,2990,2773,265428,269282,
17121,483,409,37902,39437,
17123,138,141,11730,12640,
17125,137,164,13715,14666,
17127,154,182,14344,15429,
17129,113,143,12245,12705,
17131,123,180,15618,16434,
17133,357,314,34097,32957,
17135,315,378,28790,30104,
17137,351,367,33798,35547,
17139,170,155,14688,14846,
17141,520,480,51063,53497,
17143,2578,1758,183011,186494,
17145,209,218,21285,22350,
17147,178,170,16445,16729,
17149,176,181,15821,16430,
17151,23,22,4325,4470,
17153,51,60,5509,6161,
17155,53,57,5727,6006,
17157,311,383,32423,33476,
17159,189,183,15901,16233,
17161,1893,1443,144808,147546,
17163,3305,2637,262479,270056,
17165,332,329,24102,24913,
17167,2235,2097,196452,197465,
17169,63,70,7035,7544,
17171,55,45,5002,5355,
17173,242,255,21719,22363,
17175,68,87,5434,5994,
17177,497,553,45054,47711,
17179,1490,1419,133526,135394,
17181,192,226,17000,17808,
17183,1031,909,77909,81625,
17185,133,125,11489,11947,
17187,235,180,17167,17707,
17189,182,137,14030,14716,
17191,229,200,16495,16760,
17193,154,210,13938,14665,
17195,641,616,56118,58498,
17197,7753,4527,692661,677560,
17199,819,777,67328,66357,
17201,3531,2724,284778,295266,
17203,437,411,38726,38664,
18000,83021,60476,6666818,6483802,
18001,666,248,35491,34387,
18003,5234,3067,372877,355329,
18005,1109,700,82040,76794,
18007,106,80,8613,8854,
18009,117,164,11976,12766,
18011,804,473,65875,56640,
18013,121,138,15035,15242,
18015,190,188,20039,20155,
18017,473,409,37994,38966,
18019,1463,1143,116973,110232,
18021,326,288,26198,26890,
18023,456,319,32317,33224,
18025,113,115,10566,10713,
18027,523,318,33113,31648,
18029,524,440,49741,50047,
18031,351,272,26737,25740,
18033,518,402,42836,42223,
18035,1168,1181,115184,117671,
18037,570,401,42558,41889,
18039,3145,1621,205032,197559,
18041,239,284,23209,24277,
18043,910,748,77071,74578,
18045,205,187,16505,17240,
18047,216,202,22619,23087,
18049,250,202,20059,20836,
18051,380,381,33576,33503,
18053,735,795,66491,70061,
18055,330,407,32177,33165,
18057,3901,1744,323747,274569,
18059,847,606,74985,70002,
18061,446,348,39898,39364,
18063,1784,1061,163685,145448,
18065,466,548,48476,49462,
18067,964,936,82363,82752,
18069,420,386,36337,37124,
18071,574,447,43884,42376,
18073,382,320,33447,33478,
18075,292,217,20945,21253,
18077,361,341,32089,32428,
18079,300,299,27626,28525,
18081,1915,1292,153897,139654,
18083,417,393,37508,38440,
18085,1019,694,79206,77358,
18087,753,254,39303,37128,
18089,5761,4859,485640,496005,
18091,1314,1184,110029,111467,
18093,489,535,45666,46134,
18095,1477,1422,129498,131636,
18097,14323,7915,950082,903393,
18099,591,476,46498,47051,
18101,124,95,10215,10334,
18103,370,353,35845,36903,
18105,1352,894,146986,137974,
18107,467,378,38525,38124,
18109,753,657,69713,68894,
18111,167,135,14130,14244,
18113,646,453,47452,47536,
18115,51,75,5828,6128,
18117,230,212,19426,19840,
18119,236,237,20839,21575,
18121,213,170,16886,17339,
18123,229,172,19081,19338,
18125,133,143,12365,12845,
18127,1667,1579,168404,164343,
18129,284,244,25595,25910,
18131,127,134,12534,13402,
18133,364,340,37702,37963,
18135,289,266,24922,26171,
18137,307,314,28442,28818,
18139,181,185,16645,17392,
18141,3467,2438,270434,266931,
18143,297,303,23870,24181,
18145,480,433,44395,44436,
18147,185,238,20394,20952,
18149,256,281,22893,23363,
18151,404,312,34484,34185,
18153,197,202,20746,21475,
18155,117,109,10696,10613,
18157,2394,1138,190587,172780,
18159,143,160,15128,15936,
18161,61,65,7200,7516,
18163,2163,1856,181616,179703,
18165,166,200,15505,16212,
18167,1271,1158,107516,107848,
18169,326,410,31443,32888,
18171,70,84,8201,8508,
18173,685,618,62530,59689,
18175,324,291,27827,28262,
18177,772,861,66185,68917,
18179,335,245,27984,27636,
18181,293,292,24182,24643,
18183,387,296,33756,33292,
19000,39076,28310,3145711,3046355,
19001,70,91,7054,7682,
19003,33,39,3686,4029,
19005,192,167,13884,14330,
19007,150,157,12352,12887,
19009,68,71,5578,6119,
19011,301,228,25642,26076,
19013,1692,1205,132648,131090,
19015,291,290,26484,26306,
19017,267,214,24911,24276,
19019,283,184,21202,20958,
19021,295,165,20110,20260,
19023,135,173,14606,14867,
19025,111,135,9746,9670,
19027,262,240,20320,20816,
19029,131,173,13145,13956,
19031,190,191,18543,18499,
19033,461,505,43006,44151,
19035,131,169,11316,12072,
19037,133,114,12005,12439,
19039,123,98,9374,9286,
19041,176,159,16170,16667,
19043,177,190,17637,18129,
19045,580,520,47010,49116,
19047,236,146,17056,17096,
19049,1312,474,87235,66135,
19051,151,80,8966,8753,
19053,92,80,7950,8457,
19055,203,171,17153,17764,
19057,452,432,39417,40325,
19059,168,172,17199,16667,
19061,1219,865,97041,93653,
19063,106,112,9432,10302,
19065,213,227,19796,20880,
19067,195,183,15744,16303,
19069,120,113,10164,10680,
19071,84,78,6948,7441,
19073,115,122,8981,9336,
19075,119,130,12333,12453,
19077,106,109,10670,10954,
19079,189,167,15115,15673,
19081,115,123,10771,11341,
19083,192,216,17048,17534,
19085,161,171,14136,14928,
19087,225,193,19863,20145,
19089,115,109,9228,9566,
19091,105,109,9564,9815,
19093,80,105,6865,7089,
19095,185,185,16103,16355,
19097,224,206,19366,19848,
19099,407,361,36966,36842,
19101,159,174,18422,16843,
19103,1821,761,149210,130882,
19105,213,195,20536,20638,
19107,121,105,10153,10511,
19109,171,154,14999,15543,
19111,403,406,34295,35862,
19113,2818,1744,224115,211226,
19115,141,111,11184,11387,
19117,94,91,8534,8898,
19119,166,101,11792,11581,
19121,178,154,16013,15679,
19123,272,231,22235,22381,
19125,371,318,33105,33309,
19127,506,452,40288,40648,
19129,150,122,15068,15059,
19131,109,119,10631,10776,
19133,92,140,8740,9243,
19135,84,89,7845,7970,
19137,120,118,10137,10740,
19139,530,366,42880,42745,
19141,184,183,13801,14398,
19143,74,80,6045,6462,
19145,158,198,15224,15932,
19147,110,108,9092,9421,
19149,296,229,25220,24986,
19151,78,84,6846,7310,
19153,7006,3464,481830,430640,
19155,1145,944,93386,93158,
19157,167,205,18314,18914,
19159,62,66,5034,5131,
19161,111,115,9817,10350,
19163,2171,1449,172509,165224,
19165,112,133,11628,12167,
19167,479,261,34860,33704,
19169,890,514,97502,89542,
19171,218,180,17058,17767,
19173,74,60,6178,6317,
19175,123,137,12450,12534,
19177,84,96,7157,7570,
19179,440,365,35044,35625,
19181,570,430,50163,46225,
19183,299,225,22281,21704,
19185,90,84,6476,6403,
19187,443,419,36605,38013,
19189,109,117,10587,10866,
19191,170,188,20201,21056,
19193,1501,879,102429,102172,
19195,82,75,7469,7598,
19197,170,154,12784,13229,
20000,38205,24821,2913123,2853118,
20001,137,163,12519,13371,
20003,82,99,7833,8102,
20005,207,169,16332,16924,
20007,55,51,4586,4861,
20009,346,304,26476,27674,
20011,204,145,14754,15173,
20013,128,121,9641,9984,
20015,740,624,66878,65880,
20017,24,11,2683,2790,
20019,41,43,3363,3669,
20021,231,257,20115,21603,
20023,39,40,2683,2726,
20025,21,22,2004,2215,
20027,78,109,7958,8535,
20029,124,136,8991,9533,
20031,78,81,8224,8601,
20033,22,16,1790,1891,
20035,429,407,35361,36311,
20037,475,352,39034,39134,
20039,29,37,2885,2961,
20041,225,202,18902,19754,
20043,100,69,7727,7945,
20045,1318,651,120793,110826,
20047,26,25,2893,3037,
20049,16,35,2498,2882,
20051,358,252,28689,28452,
20053,67,69,6330,6497,
20055,686,209,37084,36776,
20057,619,223,34381,33848,
20059,314,246,25733,25992,
20061,1017,203,33855,34362,
20063,33,36,2631,2695,
20065,19,35,2495,2597,
20067,121,31,7526,7829,
20069,72,43,5958,6006,
20071,18,8,1249,1247,
20073,61,72,6123,6689,
20075,35,14,2640,2690,
20077,76,97,5590,6034,
20079,402,339,34544,34684,
20081,53,20,4053,4256,
20083,14,25,1842,1916,
20085,171,135,13318,13462,
20087,182,144,18998,19126,
20089,27,34,2850,3077,
20091,7482,3917,591178,544179,
20093,64,23,3960,3977,
20095,86,102,7360,7858,
20097,31,25,2485,2553,
20099,243,225,20145,21607,
20101,14,18,1559,1750,
20103,1019,595,81095,76227,
20105,25,34,3043,3241,
20107,104,114,9726,9656,
20109,43,18,2821,2756,
20111,425,260,33392,33690,
20113,331,351,28708,29180,
20115,104,140,11986,12660,
20117,129,112,9745,10117,
20119,68,34,4303,4575,
20121,352,281,33461,32787,
20123,75,98,6128,6373,
20125,415,348,32556,35471,
20127,53,75,5455,5923,
20129,17,23,2740,3233,
20131,145,87,10118,10178,
20133,178,169,16015,16512,
20135,31,43,2869,3107,
20137,57,66,5441,5671,
20139,155,204,15772,16295,
20141,54,37,3610,3858,
20143,64,60,5863,6091,
20145,64,79,6680,6973,
20147,46,64,5370,5642,
20149,371,191,23908,21604,
20151,129,91,9547,9656,
20153,24,19,2497,2519,
20155,657,683,62510,64511,
20157,45,62,4691,4980,
20159,131,96,9660,10083,
20161,934,354,74172,71115,
20163,55,70,5043,5181,
20165,37,26,3103,3307,
20167,71,91,6915,6970,
20169,696,482,54734,55606,
20171,55,66,4961,4936,
20173,7186,4374,513687,498365,
20175,407,116,22159,22952,
20177,2206,1784,178187,177934,
20179,28,22,2527,2556,
20181,80,84,5930,6010,
20183,45,44,3668,3853,
20185,51,46,4207,4437,
20187,39,17,2060,2235,
20189,76,29,5612,5724,
20191,280,247,23159,24132,
20193,108,60,7788,7900,
20195,46,44,2884,3001,
20197,92,50,6874,7053,
20199,18,14,1524,1485,
20201,85,84,5485,5799,
20203,18,21,2125,2234,
20205,92,113,8675,9409,
20207,33,43,3147,3309,
20209,2716,1392,165288,157505,
21000,54895,44749,4454189,4339367,
21001,221,223,19485,18656,
21003,255,240,20933,19956,
21005,267,197,22544,21421,
21007,80,106,8039,8249,
21009,570,514,43801,42173,
21011,170,154,12378,11591,
21013,321,355,26894,28691,
21015,1649,929,130728,118811,
21017,204,229,20029,19985,
21019,565,574,47979,49542,
21021,315,312,29924,28432,
21023,98,103,8267,8488,
21025,155,193,12946,13878,
21027,236,200,20111,20059,
21029,757,627,80246,74319,
21031,144,125,12831,12690,
21033,128,152,12639,12984,
21035,381,404,38919,37191,
21037,1068,890,92488,90336,
21039,67,59,4846,5104,
21041,166,122,10713,10811,
21043,333,342,27144,27720,
21045,180,209,15750,15955,
21047,1459,615,70416,73955,
21049,467,360,36046,35613,
21051,267,241,20366,21730,
21053,120,101,10276,10272,
21055,102,104,9084,9315,
21057,80,114,6706,6856,
21059,1371,1031,100374,96656,
21061,103,147,12226,12161,
21063,73,72,7523,7852,
21065,164,175,14277,14672,
21067,4035,2244,321959,295803,
21069,179,170,14446,14348,
21071,441,548,36271,39451,
21073,576,504,50485,49285,
21075,78,98,6192,6813,
21077,116,63,8776,8589,
21079,215,169,17523,16912,
21081,351,227,24984,24662,
21083,489,413,37121,37121,
21085,334,290,26358,25746,
21087,106,130,11065,11258,
21089,352,460,35518,36910,
21091,129,78,8801,8565,
21093,1443,944,108071,105543,
21095,326,388,26713,29278,
21097,218,202,18781,18846,
21099,263,202,18757,18199,
21101,551,529,45928,46250,
21103,180,160,16006,15416,
21105,41,67,4520,4902,
21107,537,534,45547,46920,
21109,166,151,13431,13494,
21111,9998,7440,771158,741096,
21113,657,411,53375,48586,
21115,238,293,22594,23356,
21117,2268,1470,165399,159720,
21119,162,192,15291,16346,
21121,360,458,31227,31883,
21123,149,159,14205,14193,
21125,713,665,60174,58849,
21127,177,206,15719,15860,
21129,66,102,6570,7887,
21131,132,167,10334,11310,
21133,234,294,22339,24519,
21135,142,144,13339,13870,
21137,307,275,24456,24742,
21139,84,124,9269,9519,
21141,353,273,27060,26835,
21143,51,126,8082,8314,
21145,819,830,65385,65565,
21147,213,162,17465,18306,
21149,82,114,9201,9531,
21151,1061,721,91226,82916,
21153,150,153,12538,13333,
21155,241,190,19395,19820,
21157,335,424,31382,31448,
21159,95,153,11452,12929,
21161,201,189,17174,17490,
21163,264,220,28154,28602,
21165,72,93,6455,6306,
21167,238,268,21521,21331,
21169,144,144,10107,10099,
21171,139,148,10659,10963,
21173,344,283,27928,26499,
21175,125,160,13188,13923,
21177,336,426,30816,31499,
21179,552,398,45640,43437,
21181,94,114,7130,7135,
21183,271,258,24182,23842,
21185,538,396,66415,60316,
21187,76,104,10765,10841,
21189,57,54,4435,4755,
21191,177,154,14573,14877,
21193,393,436,26553,28712,
21195,614,823,58883,65024,
21197,172,134,12374,12613,
21199,737,787,64449,63063,
21201,23,29,2134,2282,
21203,178,249,16698,17056,
21205,270,208,24517,23333,
21207,210,222,17775,17565,
21209,757,393,54873,47173,
21211,597,317,47421,42074,
21213,235,164,18108,17327,
21215,189,154,18507,17061,
21217,327,318,25472,24512,
21219,210,128,12243,12460,
21221,160,168,14444,14339,
21223,92,97,8561,8809,
21225,166,173,14668,15007,
21227,1670,945,128845,113792,
21229,140,139,12126,11717,
21231,254,190,20716,20813,
21233,142,154,13018,13621,
21235,586,441,36214,35637,
21237,91,106,7264,7355,
21239,305,229,26368,24939,
22000,63066,45049,4684333,4533372,
22001,911,672,62590,61773,
22003,283,234,25621,25764,
22005,1665,857,122948,107215,
22007,250,225,22526,23421,
22009,538,455,40980,42073,
22011,525,387,36928,35654,
22013,164,204,13638,14353,
22015,1816,1058,127634,116979,
22017,3380,2689,246581,254969,
22019,2868,1999,202445,192768,
22021,114,121,9950,10132,
22023,71,60,6912,6839,
22025,116,116,9875,10407,
22027,151,192,15969,17195,
22029,255,244,19866,20822,
22031,345,278,27340,26656,
22033,6121,3878,446268,440171,
22035,96,74,7126,7759,
22037,193,233,19412,20267,
22039,493,382,33708,33984,
22041,302,270,20260,20767,
22043,244,179,22336,22309,
22045,1054,763,72176,73240,
22047,378,298,33027,33387,
22049,159,203,15846,16274,
22051,5948,4282,439036,432552,
22053,438,391,31477,31594,
22055,3444,1892,242485,221578,
22057,1291,868,98426,96318,
22059,184,180,14933,14890,
22061,564,406,47744,46735,
22063,1910,1133,138228,128026,
22065,143,150,11316,12093,
22067,334,354,25641,27979,
22069,493,406,39021,39566,
22071,4938,3437,393292,343829,
22073,2197,1636,155874,153720,
22075,281,194,23348,23042,
22077,287,242,22268,22802,
22079,1756,1432,131648,131613,
22081,107,109,8536,9091,
22083,254,243,20411,20725,
22085,252,224,24018,24233,
22087,636,377,46202,35897,
22089,662,430,52749,52780,
22091,118,103,10363,11203,
22093,253,226,21367,22102,
22095,552,425,43441,45924,
22097,1328,1014,83497,83384,
22099,746,514,54171,52160,
22101,754,546,50973,54650,
22103,3029,2317,256327,233740,
22105,1959,1300,132497,121097,
22107,58,50,4615,5252,
22109,1662,1090,112086,111860,
22111,291,240,22571,22721,
22113,807,586,60136,57999,
22115,969,370,50726,52334,
22117,631,603,46633,47168,
22119,515,530,39378,41207,
22121,383,209,26265,23788,
22123,130,149,10981,11604,
22125,104,124,15380,15625,
22127,166,196,14311,15313,
23000,12504,13739,1335907,1328361,
23001,1241,1041,107651,107702,
23003,664,832,67653,71870,
23005,2765,2641,292500,281674,
23007,250,322,29988,30768,
23009,458,624,54497,54418,
23011,1194,1277,121821,122151,
23013,314,428,39790,39736,
23015,273,410,34204,34457,
23017,487,670,57439,57833,
23019,1379,1567,151957,153923,
23021,131,215,16773,17535,
23023,324,401,35392,35293,
23025,461,532,50626,52228,
23027,355,415,39832,38786,
23029,297,398,31593,32856,
23031,1911,1966,204191,197131,
24000,72422,49928,6052177,5773552,
24001,670,860,71615,75087,
24003,6933,4435,573235,537656,
24005,9798,8437,832468,805029,
24009,939,720,91502,88737,
24011,396,340,33193,33066,
24013,1713,1543,167781,167134,
24015,1159,969,102746,101108,
24017,1851,1112,159700,146551,
24019,367,391,32162,32618,
24021,2838,1720,252022,233385,
24023,292,333,29233,30097,
24025,2713,2130,252160,244826,
24027,3584,1811,321113,287085,
24029,154,294,19384,20197,
24031,12906,6168,1058810,971777,
24033,11958,6776,912756,863420,
24035,465,386,49770,47798,
24037,1441,843,112667,105151,
24039,246,271,25918,26470,
24041,319,474,37103,37782,
24043,1675,1498,150578,147430,
24045,1243,1046,102923,98733,
24047,422,660,51690,51454,
24510,8340,6711,611648,620961,
25000,71168,57119,6859819,6547629,
25001,1519,2832,213444,215888,
25003,1012,1387,126313,131219,
25005,5627,5271,561483,548285,
25007,162,138,17325,16535,
25009,8430,6760,785205,743159,
25011,588,681,70702,71372,
25013,5004,4345,469818,463490,
25015,1016,1231,161834,158080,
25017,17193,11702,1602947,1503085,
25019,165,54,11229,10172,
25021,7240,5900,700322,670850,
25023,5211,4688,515142,494919,
25025,9391,5159,797939,722023,
25027,8610,6971,826116,798552,
26000,112143,93495,9962311,9883640,
26001,55,165,10351,10942,
26003,57,117,9121,9601,
26005,1356,919,116447,111408,
26007,258,341,28462,29598,
26009,201,263,23292,23580,
26011,127,202,15045,15899,
26013,66,103,8441,8860,
26015,627,554,60586,59173,
26017,1019,1162,104239,107771,
26019,156,211,17573,17525,
26021,1718,1639,154259,156813,
26023,507,407,43410,45248,
26025,1620,1397,134128,136146,
26027,481,535,51381,52293,
26029,221,274,26139,25949,
26031,209,355,25369,26152,
26033,333,353,37711,38520,
26035,307,376,30653,30926,
26037,802,575,78443,75382,
26039,118,167,13907,14074,
26041,345,421,35965,37069,
26043,253,302,25415,26168,
26045,1149,979,109027,107759,
26047,298,309,33193,32694,
26049,4675,4444,407385,425790,
26051,269,366,25234,25692,
26053,122,206,15342,16427,
26055,922,830,91807,86986,
26057,388,434,41018,42476,
26059,525,453,45879,46688,
26061,368,348,36305,36628,
26063,313,449,31280,33118,
26065,3315,2174,290186,280895,
26067,725,528,64291,63905,
26069,222,386,25162,25887,
26071,86,184,11124,11817,
26073,650,453,71063,70311,
26075,1711,1599,158640,160248,
26077,3173,2184,262985,250331,
26079,168,168,17634,17153,
26081,8839,4668,648594,602622,
26083,19,19,2105,2156,
26085,106,143,12013,11539,
26087,768,866,88174,88319,
26089,176,232,21657,21708,
26091,1042,972,98623,99892,
26093,1799,1522,189651,180967,
26095,47,81,6358,6631,
26097,79,134,10712,11113,
26099,9395,8389,871375,840978,
26101,219,301,24427,24733,
26103,630,659,66502,67077,
26105,293,291,29073,28705,
26107,409,348,43391,42798,
26109,193,237,23046,24029,
26111,824,736,83411,83629,
26113,174,165,14998,14849,
26115,1493,1406,149649,152021,
26117,707,588,63550,63342,
26119,74,154,9250,9765,
26121,2079,1728,173693,172188,
26123,526,517,48242,48460,
26125,13554,10727,1250836,1202362,
26127,304,250,26442,26570,
26129,180,274,20981,21699,
26131,31,108,5881,6780,
26133,234,234,23260,23528,
26135,98,111,8287,8640,
26137,260,283,24538,24164,
26139,3375,1864,286383,263801,
26141,99,179,12791,13376,
26143,165,361,23895,24449,
26145,2174,2099,191934,200169,
26147,1521,1690,159350,163040,
26149,772,569,60947,61295,
26151,423,483,41269,43114,
26153,57,106,8049,8485,
26155,712,710,68446,70648,
26157,543,638,52764,55729,
26159,868,776,75353,76258,
26161,3669,2349,367627,344791,
26163,22903,17881,1753616,1820584,
26165,395,315,33276,32735,
27000,69233,41854,5576606,5303925,
27001,115,220,15829,16202,
27003,4228,2008,351373,330844,
27005,410,359,34098,32504,
27007,675,406,46513,44442,
27009,580,318,39937,38451,
27011,57,68,5026,5269,
27013,743,474,66973,64013,
27015,290,270,25194,25893,
27017,361,363,35498,35386,
27019,1198,504,102119,91042,
27021,322,319,29355,28567,
27023,172,134,11980,12441,
27025,603,376,55308,53887,
27027,896,449,63569,58999,
27029,108,80,8878,8695,
27031,55,40,5398,5176,
27033,139,134,11295,11687,
27035,709,671,64424,62500,
27037,5219,2575,421751,398552,
27039,255,125,20762,20087,
27041,429,429,37575,36009,
27043,155,168,13784,14553,
27045,260,226,20980,20866,
27047,320,351,30535,31255,
27049,500,454,46304,46183,
27051,68,59,5941,6018,
27053,16588,8526,1252024,1152425,
27055,188,169,18660,19027,
27057,204,185,21018,20428,
27059,446,315,39582,37816,
27061,463,475,45137,45058,
27063,107,106,9946,10266,
27065,153,159,16024,16239,
27067,589,348,42743,42239,
27069,37,57,4250,4552,
27071,98,146,12528,13311,
27073,59,92,6685,7259,
27075,101,131,10524,10866,
27077,37,37,3744,4045,
27079,310,218,28111,27703,
27081,67,77,5678,5896,
27083,374,228,25831,25857,
27085,418,341,35884,36651,
27087,98,47,5596,5413,
27089,111,82,9356,9439,
27091,228,221,19850,20840,
27093,270,202,23131,23300,
27095,318,295,25872,26097,
27097,397,336,33064,33198,
27099,508,369,39566,39163,
27101,90,87,8346,8725,
27103,362,238,33966,32727,
27105,377,165,21944,21378,
27107,71,91,6597,6852,
27109,2145,1032,154930,144248,
27111,681,671,58345,57303,
27113,170,129,14238,13930,
27115,252,273,29203,29750,
27117,119,113,9087,9596,
27119,432,331,31619,31600,
27121,118,117,10970,10995,
27123,7744,4077,547974,508640,
27125,43,21,4030,4089,
27127,194,176,15272,16059,
27129,176,180,14645,15730,
27131,761,479,65968,64142,
27133,110,105,9490,9687,
27135,181,130,15327,15629,
27137,1956,2048,200000,200226,
27139,1843,666,145827,129928,
27141,1235,524,94570,88499,
27143,147,141,14869,15226,
27145,1972,968,157822,150642,
27147,442,304,36887,36576,
27149,102,71,9634,9726,
27151,112,96,9407,9783,
27153,318,201,24515,24895,
27155,32,27,3319,3558,
27157,237,166,21608,21676,
27159,178,179,13669,13843,
27161,214,149,18787,19136,
27163,2819,1613,256348,238136,
27165,152,102,10840,11211,
27167,74,83,6324,6576,
27169,479,433,50873,51461,
27171,1735,815,134286,124700,
27173,124,111,9867,10438,
28000,37373,30875,2984100,2967297,
28001,374,421,31003,32297,
28003,443,445,37210,37057,
28005,111,149,12447,13131,
28007,240,264,18477,19564,
28009,100,96,8312,8729,
28011,434,400,31945,34145,
28013,165,168,14492,14962,
28015,80,100,10139,10597,
28017,236,208,17146,17392,
28019,82,105,8278,8547,
28021,112,101,8950,9604,
28023,193,203,15828,16732,
28025,227,232,19640,20634,
28027,377,283,23154,26151,
28029,350,329,28516,29449,
28031,257,237,19079,19568,
28033,2169,1360,178751,161252,
28035,1047,765,75471,74934,
28037,78,75,7765,8118,
28039,377,238,24094,22578,
28041,121,140,13345,14400,
28043,276,259,21087,21906,
28045,473,484,47053,43929,
28047,2724,1894,205027,187105,
28049,3137,2150,239497,245285,
28051,230,227,17739,19198,
28053,100,100,8342,9375,
28055,10,2,1339,1406,
28057,258,266,23508,23401,
28059,1611,1336,142152,139668,
28061,210,193,16582,17062,
28063,92,82,7262,7726,
28065,122,154,11314,12487,
28067,952,777,67930,67761,
28069,80,100,9883,10456,
28071,577,385,54374,47351,
28073,793,422,61374,55658,
28075,964,837,76155,80261,
28077,166,149,12643,12929,
28079,293,263,22715,23805,
28081,1147,993,84933,82910,
28083,465,374,29223,32317,
28085,401,396,34347,34869,
28087,798,602,59186,59779,
28089,1328,1097,104618,95203,
28091,293,332,25069,27088,
28093,405,411,35619,37144,
28095,394,416,35872,36989,
28097,129,129,10173,10925,
28099,419,388,29369,29676,
28101,277,299,21185,21720,
28103,149,134,10742,11545,
28105,557,356,49799,47671,
28107,485,420,33994,34707,
28109,613,636,55270,55834,
28111,129,119,12032,12250,
28113,522,506,39468,40404,
28115,452,262,31640,29957,
28117,311,252,25261,25276,
28119,89,89,7269,8223,
28121,1801,1155,152080,141617,
28123,462,302,28420,28264,
28125,48,46,4435,4916,
28127,292,295,26947,27503,
28129,178,168,16078,16491,
28131,206,183,18112,17786,
28133,284,293,25981,29450,
28135,145,156,14125,15378,
28137,329,298,28441,28886,
28139,275,250,21969,22232,
28141,203,277,19542,19593,
28143,181,91,10024,10778,
28145,379,277,28556,27134,
28147,166,178,14499,15443,
28149,610,548,46768,48773,
28151,662,621,46221,51137,
28153,295,209,20446,20747,
28155,118,137,9765,10253,
28157,90,124,8804,9878,
28159,192,219,18246,19198,
28161,157,170,12497,12678,
28163,296,268,27057,28065,
29000,73790,58382,6113532,5988927,
29001,265,196,25377,25607,
29003,191,163,17555,17291,
29005,53,74,5275,5685,
29007,342,270,25641,25529,
29009,420,403,35668,35597,
29011,142,123,11850,12402,
29013,180,191,16334,17049,
29015,162,288,19074,19056,
29017,117,132,12306,12363,
29019,2073,1056,178271,162642,
29021,1123,855,89065,89201,
29023,539,515,42666,42794,
29025,109,89,9100,9424,
29027,482,393,45032,44332,
29029,395,484,45632,44002,
29031,897,765,78161,75674,
29033,95,116,8796,9295,
29035,76,89,6169,6265,
29037,1173,932,103724,99478,
29039,188,209,14073,13982,
29041,84,101,7480,7831,
29043,1030,607,85432,77422,
29045,80,72,6723,7139,
29047,3021,1711,242874,221939,
29049,238,241,20554,20743,
29051,896,671,76708,75990,
29053,184,188,17644,17601,
29055,263,304,24102,24696,
29057,72,108,7588,7883,
29059,218,205,16673,16777,
29061,107,85,8361,8433,
29063,116,96,12588,12892,
29065,183,205,15480,15657,
29067,149,164,13300,13684,
29069,402,428,30119,31953,
29071,1234,1025,103330,101492,
29073,160,195,14726,15222,
29075,99,88,6665,6738,
29077,3513,2752,289805,275174,
29079,141,127,9949,10261,
29081,105,119,8524,8957,
29083,245,281,21718,22272,
29085,88,136,9475,9627,
29087,47,54,4413,4912,
29089,114,77,10139,10144,
29091,491,491,40103,40400,
29093,105,147,10226,10630,
29095,9329,6360,698895,674158,
29097,1647,1140,120217,117404,
29099,2546,2087,223810,218733,
29101,692,403,53897,52595,
29103,43,44,3977,4131,
29105,487,386,35443,35571,
29107,355,361,32641,33381,
29109,506,442,38434,38634,
29111,114,108,9967,10211,
29113,756,459,56183,52566,
29115,135,160,12194,12761,
29117,163,190,15173,15195,
29119,350,212,22828,23083,
29121,164,169,15251,15566,
29123,142,169,12243,12226,
29125,88,98,8867,9176,
29127,370,302,28634,28781,
29129,49,39,3678,3785,
29131,308,256,25228,24748,
29133,140,172,13586,14358,
29135,203,158,16063,15607,
29137,103,91,8612,8840,
29139,119,149,11438,12236,
29141,273,307,20145,20565,
29143,216,231,17582,18956,
29145,675,600,58290,58114,
29147,236,171,22472,23370,
29149,117,144,10558,10881,
29151,164,125,13662,13878,
29153,74,127,9186,9723,
29155,247,236,16826,18296,
29157,226,223,19225,18971,
29159,556,400,42558,42201,
29161,496,442,44744,45156,
29163,216,185,18567,18516,
29165,1229,645,101187,89322,
29167,376,361,31794,31137,
29169,769,271,52059,52274,
29171,67,64,4811,4979,
29173,92,89,10224,10167,
29175,277,249,24945,25414,
29177,258,277,22855,23494,
29179,52,77,6275,6696,
29181,165,194,13564,14100,
29183,4521,2779,395504,360485,
29185,92,147,9362,9805,
29186,171,181,17843,18145,
29187,683,751,66705,65359,
29189,11440,9953,996726,998954,
29195,244,237,22660,23370,
29197,68,40,4508,4431,
29199,100,50,4963,4843,
29201,466,448,38541,39191,
29203,80,79,8249,8441,
29205,76,62,6021,6373,
29207,309,378,29369,29968,
29209,243,370,31699,32202,
29211,85,65,6229,6714,
29213,649,538,55355,51675,
29215,292,272,25735,26008,
29217,257,220,20437,21159,
29219,428,304,34373,32513,
29221,294,280,25022,25195,
29223,140,191,13296,13521,
29225,574,343,38665,36202,
29227,21,25,2057,2171,
29229,242,230,18331,18815,
29510,4318,3045,308626,319294,
30000,12509,9665,1050493,989415,
30001,94,92,9434,9246,
30003,274,162,13360,12865,
30005,120,67,6708,6491,
30007,53,58,5936,5612,
30009,70,84,10696,10078,
30011,15,16,1222,1160,
30013,1106,812,81654,81327,
30015,61,59,5765,5813,
30017,157,144,11721,11699,
30019,14,14,1737,1751,
30021,113,81,8950,8966,
30023,83,130,9106,9298,
30025,41,26,3009,2890,
30027,133,141,11291,11586,
30029,1177,844,100000,90928,
30031,1269,589,107810,89513,
30033,19,12,1293,1206,
30035,235,160,13640,13399,
30037,9,8,822,884,
30039,22,35,3358,3079,
30041,302,149,16463,16096,
30043,87,112,11891,11406,
30045,16,7,1961,2072,
30047,360,307,30273,28746,
30049,794,614,67773,63395,
30051,29,19,2427,2339,
30053,163,247,19440,19687,
30055,21,13,1718,1734,
30057,66,82,8175,7691,
30059,19,18,1851,1891,
30061,39,46,4255,4223,
30063,1252,888,117441,109299,
30065,41,54,4639,4538,
30067,148,159,16353,15636,
30069,2,1,523,494,
30071,54,38,4119,4253,
30073,76,65,5960,6153,
30075,21,17,1752,1743,
30077,56,83,6795,7027,
30079,14,16,1109,1179,
30081,404,467,42563,40212,
30083,163,87,11039,9746,
30085,236,170,11098,10425,
30087,149,89,9248,9233,
30089,111,123,11711,11413,
30091,45,42,3469,3384,
30093,396,415,34602,34200,
30095,76,84,9419,9117,
30097,33,33,3691,3651,
30099,75,61,6085,6073,
30101,59,38,4886,5324,
30103,10,5,679,718,
30105,87,63,7433,7369,
30107,24,19,2140,2168,
30109,12,16,1020,1017,
30111,2004,1484,158980,147972,
31000,26449,15289,1920076,1826341,
31001,401,308,31678,31364,
31003,78,68,6362,6685,
31005,4,4,457,460,
31007,8,2,742,690,
31009,6,3,482,478,
31011,65,61,5352,5505,
31013,157,104,10886,11308,
31015,18,24,1977,2099,
31017,30,33,3014,3145,
31019,715,363,49732,46102,
31021,71,94,6535,6858,
31023,80,88,8053,8395,
31025,284,233,25889,25241,
31027,108,91,8530,8852,
31029,51,50,3971,3966,
31031,77,55,5818,5713,
31033,125,92,9676,9998,
31035,84,67,6205,6542,
31037,195,72,10585,10515,
31039,107,79,9042,9139,
31041,143,124,10897,10939,
31043,347,149,20186,21006,
31045,97,96,8890,9182,
31047,405,187,23709,24326,
31049,15,19,1883,1941,
31051,74,54,5754,6000,
31053,504,406,36707,36691,
31055,8704,3835,561620,517110,
31057,22,29,1801,2008,
31059,70,82,5582,5890,
31061,29,31,2990,3225,
31063,27,15,2631,2756,
31065,52,51,4780,4959,
31067,230,272,21601,22311,
31069,20,21,1906,2057,
31071,14,26,2016,2049,
31073,20,21,2028,2044,
31075,10,3,649,614,
31077,27,29,2374,2538,
31079,963,539,61519,58607,
31081,111,67,9207,9124,
31083,37,38,3443,3423,
31085,14,5,893,967,
31087,31,38,2834,2908,
31089,140,119,10202,10435,
31091,6,9,674,736,
31093,84,61,6437,6274,
31095,81,79,7178,7547,
31097,45,54,5185,5217,
31099,84,67,6530,6489,
31101,84,84,8072,8368,
31103,6,4,793,824,
31105,43,39,3619,3821,
31107,98,98,8472,8701,
31109,4036,2062,314358,285407,
31111,423,356,35280,36288,
31113,8,6,768,763,
31115,6,4,609,632,
31117,5,5,499,539,
31119,536,368,35144,34876,
31121,97,67,7882,7845,
31123,49,44,4836,5042,
31125,43,28,3607,3735,
31127,65,61,6949,7248,
31129,48,58,4275,4500,
31131,213,166,16027,15740,
31133,39,25,2641,2773,
31135,37,23,2903,2970,
31137,109,101,9060,9188,
31139,91,61,7138,7266,
31141,495,263,33175,32237,
31143,55,54,5328,5406,
31145,127,135,10728,11055,
31147,75,114,7969,8363,
31149,17,15,1436,1526,
31151,192,134,14441,14200,
31153,2500,994,181439,158840,
31155,258,202,21057,20780,
31157,500,379,36363,36970,
31159,172,160,17161,16750,
31161,57,55,5289,5469,
31163,31,35,3086,3152,
31165,8,7,1203,1311,
31167,62,29,5988,6129,
31169,50,79,5045,5228,
31171,6,3,725,647,
31173,163,84,7223,6940,
31175,49,53,4209,4260,
31177,219,166,20721,20234,
31179,106,47,9318,9595,
31181,31,57,3524,3812,
31183,9,3,818,818,
31185,161,144,13806,13665,
32000,36657,24237,2998039,2700551,
32001,299,261,24230,24877,
32003,27449,16867,2204079,1951269,
32005,365,524,48309,46997,
32007,803,343,52649,48818,
32009,5,3,850,783,
32011,16,9,1961,1987,
32013,232,104,16826,16528,
32015,95,31,5693,5775,
32017,49,47,5223,5345,
32019,607,586,54122,51980,
32021,47,100,4457,4772,
32023,358,677,44202,43946,
32027,53,43,6508,6753,
32029,20,18,4006,4010,
32031,5597,3881,460587,421407,
32033,90,86,9592,10030,
32510,572,657,54745,55274,
33000,12459,11559,1342795,1316470,
33001,515,744,60785,60088,
33003,340,540,48064,47818,
33005,668,681,75960,77117,
33007,242,409,31634,33055,
33009,736,783,89386,89118,
33011,4261,3262,409697,400721,
33013,1361,1316,149216,146445,
33015,2701,2378,306363,295223,
33017,1240,1033,128613,123143,
33019,395,413,43077,43742,
34000,101625,74111,9005644,8791894,
34001,2862,2758,269918,274549,
34003,9389,7093,948406,905116,
34005,4384,4032,448596,448734,
34007,6153,4676,510719,513657,
34009,872,1282,93553,97265,
34011,1912,1418,152538,156898,
34013,10170,6252,808285,783969,
34015,2898,2639,292206,288288,
34017,10345,4155,691643,634266,
34019,915,963,125059,128349,
34021,4039,2941,374733,366513,
34023,9025,6170,842798,809858,
34025,5857,5725,626351,630380,
34027,4666,3792,499693,492276,
34029,8511,6999,597943,576567,
34031,6852,3704,512607,501226,
34033,644,769,62792,66083,
34035,3238,2535,335432,323444,
34037,1183,1239,141682,149265,
34039,6758,4038,563892,536499,
34041,952,931,106798,108692,
35000,25209,17861,2088070,2059179,
35001,7720,5752,676773,662564,
35003,15,22,3587,3725,
35005,915,633,64866,65645,
35006,334,282,26853,27213,
35007,117,148,12174,13750,
35009,878,362,49812,48376,
35011,16,16,1829,2022,
35013,2883,1559,215579,209233,
35015,873,531,56997,53829,
35017,291,331,27687,29514,
35019,45,35,4429,4687,
35021,4,6,692,695,
35023,53,45,4305,4894,
35025,1102,490,68759,64727,
35027,184,189,19395,20497,
35028,185,113,18738,17950,
35029,414,279,24078,25095,
35031,938,617,72564,71492,
35033,48,31,4551,4881,
35035,976,601,65817,63797,
35037,87,97,8306,9041,
35039,516,441,39159,40246,
35041,275,144,18847,19846,
35043,1475,1083,142507,131561,
35045,1700,1043,126926,130044,
35047,277,274,27748,29393,
35049,1287,1173,148750,144170,
35051,104,241,11116,11988,
35053,197,173,16798,17866,
35055,280,300,32795,32937,
35057,167,153,15506,16383,
35059,40,37,4187,4549,
35061,813,660,75940,76569,
36000,232766,159676,19849399,19378102,
36001,3078,2727,309612,304204,
36003,487,441,46894,48946,
36005,21092,10612,1471160,1385108,
36007,1927,2115,193639,200600,
36009,846,824,77348,80317,
36011,698,688,77603,80026,
36013,1368,1362,129046,134905,
36015,937,932,85557,88830,
36017,478,547,47863,50477,
36019,767,718,80980,82128,
36021,505,653,60604,63096,
36023,453,415,47786,49336,
36025,337,559,45001,47980,
36027,2576,2611,295568,297488,
36029,10080,9638,925528,919040,
36031,322,415,37956,39370,
36033,476,492,51116,51599,
36035,512,574,53877,55531,
36037,559,624,57956,60079,
36039,379,526,47470,49221,
36041,29,67,4485,4836,
36043,599,656,62240,64519,
36045,1869,936,114187,116229,
36047,40752,17398,2648771,2504700,
36049,305,271,26551,27087,
36051,503,534,63799,65393,
36053,633,597,70965,73442,
36055,8065,6657,747642,744344,
36057,629,551,49258,50219,
36059,14176,11218,1369514,1339532,
36061,17724,11380,1664727,1585873,
36063,2102,2321,211328,216469,
36065,2463,2474,231332,234878,
36067,5157,4188,465398,467026,
36069,1023,1067,109899,107931,
36071,4883,2783,382226,372813,
36073,431,411,40983,42883,
36075,1150,1060,118478,122109,
36077,507,623,60094,62259,
36079,819,739,99323,99710,
36081,29706,15638,2358582,2230722,
36083,1600,1567,159722,159429,
36085,5331,3976,479458,468730,
36087,5262,2428,328868,311687,
36089,1127,1066,109623,111944,
36091,2160,1943,229869,219607,
36093,1782,1463,155565,154727,
36095,228,280,31420,32749,
36097,183,185,18000,18343,
36099,356,319,34498,35251,
36101,1033,1003,96281,98990,
36103,15513,12780,1492953,1493350,
36105,778,738,75485,77547,
36107,459,444,48578,51125,
36109,806,621,104802,101564,
36111,1518,1698,179417,182493,
36113,543,653,64532,65707,
36115,575,655,61620,63216,
36117,962,839,90670,93772,
36119,10469,7386,980244,949113,
36121,353,332,40493,42155,
36123,326,258,24955,25348,
37000,120525,90129,10273419,9535483,
37001,1823,1604,162391,151131,
37003,344,378,37286,37198,
37005,96,135,11031,11155,
37007,246,290,24991,26948,
37009,206,335,26957,27281,
37011,145,199,17536,17797,
37013,457,597,47088,47759,
37015,171,248,19224,21282,
37017,328,446,33478,35190,
37019,1011,1482,130897,107431,
37021,2620,2639,257607,238318,
37023,886,1006,89293,90912,
37025,2522,1547,206872,178011,
37027,795,935,81981,83029,
37029,84,65,10581,9980,
37031,563,824,68881,66469,
37033,197,256,22646,23719,
37035,1707,1637,157974,154358,
37037,662,742,71472,63505,
37039,241,330,28087,27444,
37041,137,187,14105,14793,
37043,90,153,11074,10587,
37045,1057,1211,97334,98078,
37047,591,724,55936,58098,
37049,1422,1059,102578,103505,
37051,5359,2587,332546,319431,
37053,266,224,26331,23547,
37055,329,357,36099,33920,
37057,1757,1730,165466,162878,
37059,402,429,42456,41240,
37061,714,544,59039,58505,
37063,4299,2046,311640,267587,
37065,591,648,52747,56552,
37067,4403,3234,376320,350670,
37069,708,587,66168,60619,
37071,2561,2291,220182,206086,
37073,105,120,11544,12197,
37075,78,95,8541,8861,
37077,573,542,59557,59916,
37079,202,208,21015,21362,
37081,6122,4416,526953,488406,
37083,553,683,51310,54691,
37085,1849,1023,132754,114678,
37087,615,752,61084,59036,
37089,1089,1368,115708,106740,
37091,227,273,23906,24669,
37093,931,338,54116,46952,
37095,42,49,5363,5810,
37097,1941,1587,175711,159437,
37099,403,372,42973,40271,
37101,2366,1503,196708,168878,
37103,80,115,9597,10153,
37105,758,532,60430,57866,
37107,615,741,56883,59495,
37109,796,817,82403,78265,
37111,469,501,45159,44996,
37113,347,435,34732,33922,
37115,220,232,21746,20764,
37117,245,302,22789,24505,
37119,14983,6411,1076837,919628,
37121,143,219,15072,15579,
37123,306,274,27435,27798,
37125,1104,1152,97264,88247,
37127,1030,1036,93991,95840,
37129,2290,1959,227198,202667,
37131,178,291,19862,22099,
37133,3939,1118,193893,177772,
37135,1188,798,144946,133801,
37137,88,152,12689,13144,
37139,482,386,39743,40661,
37141,633,564,60958,52217,
37143,113,143,13474,13453,
37145,400,433,39370,39464,
37147,2097,1301,179042,168148,
37149,140,292,20558,20510,
37151,1570,1507,143282,141752,
37153,524,561,44798,46639,
37155,1708,1397,132606,134168,
37157,905,1153,90949,93643,
37159,1629,1582,140644,138428,
37161,660,833,66551,67810,
37163,799,687,63430,63431,
37165,438,419,35093,36157,
37167,680,693,61482,60585,
37169,396,555,45717,47401,
37171,731,875,72224,73673,
37173,191,207,14294,13981,
37175,266,410,33956,33090,
37177,45,41,4052,4407,
37179,2400,1402,231366,201292,
37181,528,529,44211,45422,
37183,13048,5662,1072203,900993,
37185,175,255,19883,20972,
37187,118,157,12012,13228,
37189,366,349,55121,51079,
37191,1605,1316,124172,122623,
37193,709,829,68576,69340,
37195,942,865,81671,81234,
37197,392,407,37774,38406,
37199,170,199,17744,17818,
38000,11064,6086,755393,672591,
38001,22,31,2318,2343,
38003,109,114,10734,11066,
38005,165,69,6936,6660,
38007,20,5,940,783,
38009,65,88,6530,6429,
38011,39,24,3166,3151,
38013,33,19,2131,1968,
38015,1339,734,95030,81308,
38017,2611,1087,177787,149778,
38019,53,46,3762,3993,
38021,69,61,4861,5289,
38023,23,22,2288,2071,
38025,65,21,4289,3536,
38027,34,44,2316,2385,
38029,31,49,3301,3550,
38031,37,42,3257,3343,
38033,24,7,1789,1680,
38035,1033,485,70795,66861,
38037,27,25,2376,2394,
38039,18,32,2258,2420,
38041,35,21,2483,2477,
38043,31,12,2482,2435,
38045,44,43,4087,4139,
38047,20,27,1918,1990,
38049,65,55,5900,5395,
38051,18,42,2606,2809,
38053,220,63,12724,6360,
38055,120,96,9685,8962,
38057,94,78,8465,8424,
38059,511,273,30796,27471,
38061,175,78,10265,7673,
38063,27,52,2937,3126,
38065,25,6,1940,1846,
38067,80,72,6972,7413,
38069,39,48,4099,4357,
38071,145,119,11519,11451,
38073,59,82,5297,5457,
38075,31,25,2463,2470,
38077,206,129,16351,16321,
38079,257,185,14531,13937,
38081,42,31,3858,3829,
38083,12,11,1353,1321,
38085,89,78,4376,4153,
38087,8,2,771,727,
38089,510,228,30209,24199,
38091,28,15,1917,1975,
38093,225,226,21087,21100,
38095,22,17,2253,2246,
38097,100,91,8013,8121,
38099,151,134,10855,11119,
38101,1164,480,68946,61675,
38103,43,49,4022,4207,
38105,651,213,33349,22398,
39000,137396,114938,11658609,11536504,
39001,322,341,27726,28550,
39003,1242,1074,103198,106331,
39005,620,580,53628,53139,
39007,1088,1112,97807,101497,
39009,519,461,66597,64757,
39011,565,493,45778,45949,
39013,638,835,68029,70400,
39015,491,493,43576,44846,
39017,4531,3347,380604,368130,
39019,271,289,27385,28836,
39021,396,396,38840,40097,
39023,1561,1680,134557,138333,
39025,2307,1706,204214,197363,
39027,492,425,42009,42040,
39029,1057,1187,103077,107841,
39031,467,374,36544,36901,
39033,474,498,41746,43784,
39035,14637,13439,1248514,1280122,
39037,594,592,51536,52959,
39039,413,386,38156,39037,
39041,2146,1133,200464,174214,
39043,782,914,74817,77079,
39045,1689,1311,154733,146156,
39047,346,318,28752,29030,
39049,19039,9542,1291981,1163414,
39051,483,412,42289,42698,
39053,363,357,29973,30934,
39055,904,819,93918,93389,
39057,1842,1428,166752,161573,
39059,462,451,39093,40087,
39061,10787,7768,813822,802374,
39063,895,699,75754,74782,
39065,360,328,31364,32058,
39067,149,186,15216,15864,
39069,291,249,27185,28215,
39071,559,466,42971,43589,
39073,309,294,28474,29380,
39075,771,326,43957,42366,
39077,760,559,58494,59626,
39079,415,385,32449,33225,
39081,657,933,66359,69709,
39083,741,625,61261,60921,
39085,2244,2444,230117,230041,
39087,661,728,60249,62450,
39089,1970,1562,173448,166492,
39091,532,484,45325,45858,
39093,3329,2947,307924,301356,
39095,5494,4465,430887,441815,
39097,405,404,44036,43435,
39099,2382,2920,229796,238823,
39101,729,716,64967,66501,
39103,1759,1419,178371,172332,
39105,228,290,23080,23770,
39107,596,394,40873,40814,
39109,1197,1048,105122,102506,
39111,135,189,13946,14642,
39113,6576,5883,531542,535153,
39115,139,152,14709,15054,
39117,379,308,34994,34827,
39119,1009,955,86149,86074,
39121,131,131,14406,14645,
39123,334,505,40657,41428,
39125,213,186,18845,19614,
39127,428,361,36024,36058,
39129,620,574,57830,55698,
39131,328,348,28270,28709,
39133,1397,1403,162277,161419,
39135,422,447,41120,42270,
39137,423,303,33878,34499,
39139,1374,1364,120589,124475,
39141,821,824,77313,78064,
39143,683,613,59195,60944,
39145,858,926,75929,79499,
39147,582,556,55243,56745,
39149,591,440,48759,49423,
39151,4163,4077,372542,375586,
39153,5945,5735,541228,541781,
39155,2059,2459,200380,210312,
39157,1141,1002,92297,92582,
39159,678,344,56741,52300,
39161,328,306,28217,28744,
39163,144,147,13092,13435,
39165,2376,1785,228882,212693,
39167,594,728,60418,61778,
39169,1524,1118,116038,114520,
39171,432,400,36784,37642,
39173,1368,1091,130492,125488,
39175,240,246,22029,22615,
40000,52280,39416,3930864,3751351,
40001,295,267,21909,22683,
40003,63,47,5907,5642,
40005,153,117,13887,14182,
40007,46,48,5315,5636,
40009,294,260,21793,22119,
40011,131,104,9498,11943,
40013,573,532,46319,42416,
40015,373,367,29173,29600,
40017,1775,998,139926,115541,
40019,702,662,48190,47557,
40021,624,496,48888,46987,
40023,213,215,14863,15205,
40025,23,18,2154,2475,
40027,2919,2035,279641,255755,
40029,80,76,5642,5925,
40031,1699,1064,121526,124098,
40033,50,85,5823,6193,
40035,152,227,14327,15029,
40037,846,909,71704,69967,
40039,418,279,28800,27469,
40041,439,549,42602,41487,
40043,70,76,4878,4810,
40045,43,53,3966,4151,
40047,952,648,61581,60580,
40049,363,323,27909,27576,
40051,585,502,54943,52431,
40053,51,53,4395,4527,
40055,79,62,5843,6239,
40057,31,36,2689,2922,
40059,53,69,3808,3685,
40061,155,141,12763,12769,
40063,154,175,13302,14003,
40065,380,197,25125,26446,
40067,68,79,6183,6472,
40069,108,164,11060,10957,
40071,614,551,44544,46562,
40073,186,136,15669,15034,
40075,123,112,8893,9446,
40077,134,100,10411,11154,
40079,579,667,49731,50384,
40081,414,351,35142,34273,
40083,553,391,46784,41848,
40085,122,121,10034,9423,
40087,452,352,39343,34506,
40089,432,438,32808,33151,
40091,235,310,19742,20252,
40093,101,74,7693,7527,
40095,187,151,16434,15840,
40097,466,548,40921,41259,
40099,167,199,13853,13488,
40101,887,897,69086,70990,
40103,113,127,11277,11561,
40105,122,146,10306,10536,
40107,144,152,12140,12191,
40109,12381,6986,787958,718633,
40111,497,524,38930,40069,
40113,456,554,47233,47472,
40115,430,501,31312,31848,
40117,193,184,16472,16577,
40119,958,576,81575,77350,
40121,488,560,44184,45837,
40123,502,510,38224,37492,
40125,847,809,72226,69442,
40127,154,150,11173,11572,
40129,57,20,3716,3647,
40131,1034,846,91444,86905,
40133,329,329,24878,25482,
40135,459,538,41252,42391,
40137,494,538,43332,45048,
40139,346,134,20900,20640,
40141,84,72,7433,7992,
40143,9555,5986,646266,603403,
40145,831,685,78657,73085,
40147,663,652,51932,50976,
40149,149,146,11134,11629,
40151,101,105,9031,8878,
40153,281,255,20459,20081,
41000,46551,35527,4142776,3831074,
41001,149,193,16054,16134,
41003,760,582,90951,85579,
41005,4290,3506,412672,375992,
41007,427,391,39182,37039,
41009,552,472,51782,49351,
41011,629,882,63888,63043,
41013,240,248,23123,20978,
41015,181,362,22669,22364,
41017,1869,1478,186875,157733,
41019,1108,1402,109405,107667,
41021,18,25,1855,1871,
41023,59,81,7190,7445,
41025,83,77,7289,7422,
41027,281,163,23377,22346,
41029,2389,2307,217479,203206,
41031,291,221,23758,21720,
41033,879,1183,86352,82713,
41035,829,787,66935,66380,
41037,85,102,7863,7895,
41039,3685,3481,374748,351715,
41041,435,582,48920,46034,
41043,1555,1301,125047,116672,
41045,443,257,30480,31313,
41047,4583,2840,341286,315335,
41049,174,79,11166,11173,
41051,9378,5885,807555,735334,
41053,943,682,83696,75403,
41055,19,14,1758,1765,
41057,259,303,26690,25250,
41059,987,651,76985,75889,
41061,315,275,26222,25748,
41063,62,65,7051,7008,
41065,333,297,26437,25213,
41067,7066,3448,588957,529710,
41069,10,14,1357,1441,
41071,1185,891,105722,99193,
42000,138818,131458,12805537,12702379,
42001,1016,998,102336,101407,
42003,13149,13699,1223048,1223348,
42005,564,887,65642,68941,
42007,1639,2089,166140,170539,
42009,445,529,48480,49762,
42011,4696,3774,417854,411442,
42013,1285,1649,123457,127089,
42015,694,706,60853,62622,
42017,5960,5981,628341,625249,
42019,1838,1969,187108,183862,
42021,1276,1745,133054,143679,
42023,41,67,4592,5085,
42025,580,775,63853,65249,
42027,1265,1043,162660,153990,
42029,5438,4072,519293,498886,
42031,410,428,38458,39988,
42033,710,946,79685,81642,
42035,416,392,38998,39238,
42037,564,702,65932,67295,
42039,916,942,86159,88765,
42041,2638,2274,250066,235406,
42043,3331,2518,275710,268100,
42045,6473,5480,564696,558979,
42047,286,366,30197,31946,
42049,3031,2756,274541,280566,
42051,1388,1835,131504,136606,
42053,32,85,7297,7716,
42055,1810,1587,154234,149618,
42057,123,139,14590,14845,
42059,387,433,36770,38686,
42061,393,511,45491,45913,
42063,749,889,84953,88880,
42065,483,517,43804,45200,
42067,260,260,24514,24636,
42069,2157,2557,210761,214437,
42071,7206,5008,542903,519445,
42073,929,1086,87069,91108,
42075,1583,1484,139754,133568,
42077,4194,3329,366494,349497,
42079,3104,3959,317343,320918,
42081,1167,1320,113841,116111,
42083,394,515,41330,43450,
42085,1110,1442,111750,116638,
42087,590,517,46388,46682,
42089,1408,1517,168046,169842,
42091,8814,7803,826075,799874,
42093,213,219,18272,18267,
42095,2795,2914,303405,297735,
42097,911,1079,92029,94528,
42099,527,428,46127,45969,
42101,21776,15026,1580863,1526006,
42103,396,498,55691,57369,
42105,180,209,16802,17457,
42107,1288,1805,142569,148289,
42109,445,353,40801,39702,
42111,671,937,74501,77742,
42113,39,99,6089,6428,
42115,357,430,40985,43356,
42117,427,465,40793,41981,
42119,397,410,44595,44947,
42121,510,672,51762,54984,
42123,377,516,39659,41815,
42125,1944,2500,207298,207820,
42127,392,555,51205,52822,
42129,3092,4460,352627,365169,
42131,248,315,27322,28276,
42133,4891,3988,446078,434972,
44000,10915,9760,1059639,1052567,
44001,351,529,48912,49875,
44003,1634,1709,163760,166158,
44005,736,751,83460,82888,
44007,7322,5563,637357,626667,
44009,872,1208,126150,126979,
45000,57996,48071,5024369,4625364,
45001,225,261,24722,25417,
45003,1980,1777,168179,160099,
45005,68,104,9002,10419,
45007,2303,2118,198759,187126,
45009,118,179,14381,15987,
45011,247,274,21345,22621,
45013,1998,1600,186844,162233,
45015,2834,1496,217937,177843,
45017,138,186,14704,15175,
45019,5038,3463,401438,350209,
45021,663,589,57105,55342,
45023,361,405,32301,33140,
45025,497,551,45948,46734,
45027,317,372,34057,34971,
45029,464,580,37611,38892,
45031,795,816,67265,68681,
45033,388,366,30666,32062,
45035,1803,1121,156456,136555,
45037,199,268,26693,26985,
45039,205,290,22607,23956,
45041,1653,1529,138566,136885,
45043,554,824,61607,60158,
45045,6428,4268,506837,451225,
45047,806,780,70355,69661,
45049,203,234,19602,21090,
45051,3202,3443,333268,269291,
45053,351,272,28458,24777,
45055,773,747,65036,61697,
45057,1086,915,92550,76652,
45059,775,836,66848,66537,
45061,173,287,17350,19220,
45063,3244,2411,290642,262391,
45065,50,149,9545,10233,
45067,369,442,31293,33062,
45069,302,304,26825,28933,
45071,455,439,38488,37508,
45073,780,900,77270,74273,
45075,955,1104,87476,92501,
45077,1244,1145,123479,119224,
45079,4922,3126,411592,384504,
45081,241,199,20452,19875,
45083,3661,3025,306854,284307,
45085,1446,1055,106847,107456,
45087,320,378,27537,28961,
45089,326,391,31133,34423,
45091,3036,2052,266439,226073,
46000,12154,7275,869666,814180,
46003,37,18,2738,2710,
46005,310,188,18157,17398,
46007,65,35,3454,3431,
46009,74,66,6984,7070,
46011,442,200,34255,31965,
46013,521,354,39178,36531,
46015,63,48,5312,5255,
46017,45,37,1999,1912,
46019,115,101,10107,10110,
46021,9,6,1379,1466,
46023,161,109,9428,9129,
46025,60,40,3668,3691,
46027,144,89,13990,13864,
46029,367,228,28099,27227,
46031,92,50,4203,4050,
46033,80,88,8691,8216,
46035,249,189,19704,19504,
46037,61,80,5521,5710,
46039,53,38,4281,4364,
46041,152,74,5835,5301,
46043,47,30,2931,3002,
46045,45,40,3919,4071,
46047,63,95,6687,7094,
46049,30,18,2329,2364,
46051,82,76,7061,7356,
46053,55,45,4226,4271,
46055,25,11,1943,1937,
46057,110,65,5948,5903,
46059,29,29,3277,3431,
46061,37,10,3423,3331,
46063,16,7,1242,1255,
46065,240,162,17666,17022,
46067,121,99,7358,7343,
46069,16,13,1318,1420,
46071,70,28,3289,3031,
46073,16,18,2028,2071,
46075,14,5,936,1006,
46077,65,58,4952,5148,
46079,131,120,12809,11200,
46081,231,214,25429,24097,
46083,773,235,56664,44828,
46085,78,23,3904,3755,
46087,73,69,5499,5618,
46089,24,25,2426,2459,
46091,72,60,4804,4656,
46093,289,194,28018,25434,
46095,45,18,2088,2048,
46097,29,27,2228,2389,
46099,2968,1374,188616,169468,
46101,94,44,6579,6486,
46102,304,173,14354,13586,
46103,1469,893,110141,100948,
46105,38,26,2974,2982,
46107,25,33,2231,2329,
46109,171,106,10278,10149,
46111,37,17,2450,2355,
46115,74,72,6410,6415,
46117,41,14,3011,2966,
46119,13,3,1407,1373,
46121,268,124,10065,9612,
46123,76,65,5460,5644,
46125,90,94,8315,8347,
46127,163,107,15029,14399,
46129,77,66,5543,5438,
46135,291,207,22662,22438,
46137,29,25,2756,2801,
47000,81419,65544,6715984,6346105,
47001,784,882,76257,75129,
47003,617,488,48117,45058,
47005,155,255,15986,16489,
47007,143,137,14717,12876,
47009,1246,1349,129929,123010,
47011,1163,1012,105560,98963,
47013,433,579,39648,40716,
47015,164,141,14216,13801,
47017,307,390,27860,28522,
47019,508,732,56488,57424,
47021,467,387,40330,39105,
47023,170,157,17119,17131,
47025,319,438,31609,32213,
47027,75,111,7703,7861,
47029,380,482,35556,35662,
47031,692,645,55034,52796,
47033,156,177,14473,14586,
47035,545,804,59078,56053,
47037,10258,5456,691243,626681,
47039,119,172,11751,11757,
47041,224,231,19852,18723,
47043,605,517,52853,49666,
47045,467,463,37463,38335,
47047,418,430,40036,38413,
47049,191,253,18136,17959,
47051,390,464,41652,41052,
47053,608,676,49111,49683,
47055,346,355,29401,29485,
47057,224,276,23144,22657,
47059,661,908,68808,68831,
47061,153,192,13361,13703,
47063,756,712,64277,62544,
47065,4335,3553,361613,336463,
47067,68,86,6600,6819,
47069,252,305,25447,27253,
47071,308,348,25846,26026,
47073,541,719,56459,56833,
47075,189,216,17573,18787,
47077,317,312,27751,27769,
47079,364,491,32450,32330,
47081,278,260,24864,24690,
47083,86,97,8213,8426,
47085,197,232,18484,18538,
47087,104,149,11677,11638,
47089,504,649,53804,51407,
47091,151,224,17691,18244,
47093,5350,4314,461860,432226,
47095,66,97,7468,7832,
47097,307,289,25274,27815,
47099,567,492,43396,41869,
47101,131,135,12035,12161,
47103,349,403,33751,33361,
47105,544,611,52152,48556,
47107,569,641,52877,52266,
47109,278,355,26004,26075,
47111,331,263,24079,22248,
47113,1211,985,97643,98294,
47115,316,358,28425,28237,
47117,377,324,32931,30617,
47119,1181,939,92163,80956,
47121,133,155,12068,11753,
47123,474,539,46240,44519,
47125,3455,1255,200182,172331,
47127,48,45,6384,6362,
47129,215,231,21636,21987,
47131,371,378,30385,31807,
47133,225,309,22012,22083,
47135,94,104,7975,7915,
47137,43,57,5073,5077,
47139,164,214,16757,16825,
47141,906,771,77674,72321,
47143,380,379,32691,31809,
47145,468,700,53036,54181,
47147,881,655,70177,66283,
47149,4173,1922,317157,262604,
47151,268,268,21989,22228,
47153,154,167,14736,14112,
47155,1066,1008,97638,89889,
47157,13196,8200,936961,927644,
47159,231,207,19636,19166,
47161,133,162,13355,13324,
47163,1498,1900,157158,156823,
47165,2128,1604,183545,160645,
47167,717,607,61366,61081,
47169,107,84,10083,7870,
47171,155,266,17759,18313,
47173,218,200,19442,19109,
47175,70,55,5742,5548,
47177,454,473,40651,39839,
47179,1324,1315,127806,122979,
47181,131,200,16583,17021,
47183,343,357,33337,35021,
47185,295,351,26753,25841,
47187,2337,1202,226257,183182,
47189,1549,1086,136442,113993,
48000,404311,194621,28304596,25145561,
48001,620,663,57741,58458,
48003,304,95,17722,14786,
48005,1189,935,87805,86771,
48007,266,357,25572,23158,
48009,83,75,8809,9054,
48011,18,21,1879,1901,
48013,684,412,48981,44911,
48015,351,277,29786,28417,
48017,133,46,7077,7165,
48019,171,204,22351,20485,
48021,1134,697,84761,74171,
48023,43,53,3581,3726,
48025,384,216,32563,31861,
48027,6314,2183,347833,310235,
48029,28376,13647,1958578,1714773,
48031,111,126,11626,10497,
48033,8,3,673,641,
48035,200,239,18326,18212,
48037,1244,981,94012,92565,
48039,4982,2459,362457,313166,
48041,2910,1039,222830,194851,
48043,99,76,9337,9232,
48045,12,9,1528,1637,
48047,111,72,7235,7223,
48049,417,466,38053,38106,
48051,218,216,18011,17187,
48053,542,484,46804,42750,
48055,561,312,42338,38066,
48057,302,213,21744,21381,
48059,157,181,13946,13544,
48061,7047,2739,423725,406220,
48063,174,130,12855,12401,
48065,61,53,6032,6182,
48067,353,437,30012,30464,
48069,118,36,7843,8062,
48071,538,259,41441,35096,
48073,777,523,52240,50845,
48075,75,68,7067,7041,
48077,87,123,10421,10752,
48079,37,9,2851,3127,
48081,43,49,3306,3320,
48083,73,115,8430,8895,
48085,11158,4529,969603,782341,
48087,30,28,2987,3057,
48089,262,265,21232,20874,
48091,1627,1120,141009,108472,
48093,166,174,13573,13974,
48095,28,26,2717,4087,
48097,569,407,39895,38437,
48099,962,443,74913,75388,
48101,13,17,1387,1505,
48103,72,15,4740,4375,
48105,45,28,3564,3719,
48107,82,59,5899,6059,
48109,29,15,2231,2398,
48111,163,30,7208,6703,
48113,40530,16520,2618148,2368139,
48115,191,127,12813,13833,
48117,340,162,18836,19372,
48119,67,59,5298,5231,
48121,10371,3893,836210,662614,
48123,266,233,20226,20097,
48125,21,16,2209,2444,
48127,163,94,10418,9996,
48129,31,44,3311,3677,
48131,163,132,11273,11782,
48133,214,252,18411,18583,
48135,2797,1220,157087,137130,
48137,23,12,1953,2002,
48139,2245,1263,173620,149610,
48141,13224,5384,840410,800647,
48143,468,341,41969,37890,
48145,226,158,17437,17866,
48147,370,447,34446,33915,
48149,260,286,25272,24554,
48151,43,47,3880,3974,
48153,75,55,5855,6446,
48155,11,12,1222,1336,
48157,10214,3497,764828,585375,
48159,110,123,10767,10605,
48161,206,195,19625,19816,
48163,244,134,19600,17217,
48165,456,123,20638,17526,
48167,4269,2857,335036,291309,
48169,72,24,6528,6461,
48171,262,366,26646,24837,
48173,15,7,1348,1226,
48175,78,78,7562,7210,
48177,323,203,20893,19807,
48179,305,240,22404,22535,
48181,1610,1353,131140,120877,
48183,1769,1265,123367,121730,
48185,343,252,28082,26604,
48187,1897,1093,159659,131533,
48189,456,294,34134,36273,
48191,20,27,3071,3353,
48193,93,122,8422,8517,
48195,70,34,5447,5613,
48197,46,38,3994,4139,
48199,696,577,57139,54635,
48201,73172,27050,4652980,4092459,
48203,837,682,66661,65631,
48205,54,33,5691,6062,
48207,50,67,5746,5899,
48209,2637,1066,214485,157107,
48211,60,28,4024,3807,
48213,912,1081,81064,78532,
48215,15574,4475,860661,774769,
48217,405,410,35852,35089,
48219,294,207,23088,22935,
48221,664,663,58273,51182,
48223,464,362,36496,35161,
48225,243,302,23021,23732,
48227,464,349,36040,35012,
48229,59,15,4408,3476,
48231,1154,944,93872,86129,
48233,286,220,21375,22150,
48235,14,8,1516,1599,
48237,93,71,8832,9044,
48239,202,126,14805,14075,
48241,446,411,35561,35710,
48243,15,18,2280,2342,
48245,3676,2554,256299,252273,
48247,86,47,5202,5300,
48249,614,378,40871,40838,
48251,2139,1385,167301,150934,
48253,161,165,19983,20202,
48255,182,138,15187,14824,
48257,1670,957,122883,103350,
48259,402,393,44026,33410,
48261,2,0,417,416,
48263,6,9,763,808,
48265,548,733,51720,49625,
48267,35,52,4410,4607,
48269,2,0,296,286,
48271,41,29,3745,3598,
48273,441,258,31088,32061,
48275,43,44,3710,3719,
48277,680,625,49587,49793,
48279,186,142,13210,13977,
48281,220,197,21027,19677,
48283,84,51,7584,6886,
48285,227,238,20062,19263,
48287,209,155,17183,16612,
48289,214,212,17243,16801,
48291,1143,804,83658,75643,
48293,311,257,23527,23384,
48295,44,24,3378,3302,
48297,125,115,12174,11531,
48299,184,313,21210,19301,
48301,0,0,134,82,
48303,4249,2525,305225,278831,
48305,76,44,5859,5915,
48307,88,100,7957,8283,
48309,3500,2107,251259,234906,
48311,10,8,778,707,
48313,148,114,14222,13664,
48315,96,145,10064,10546,
48317,95,41,5626,4799,
48319,45,42,4222,4012,
48321,552,389,36840,36702,
48323,1113,385,58216,54258,
48325,595,431,50066,46006,
48327,15,27,2124,2242,
48329,2955,1083,165049,136872,
48331,321,282,25053,24757,
48333,35,66,4921,4936,
48335,92,78,8468,9403,
48337,251,258,19539,19719,
48339,7612,3889,570934,455746,
48341,449,125,22097,21904,
48343,155,155,12467,12934,
48345,8,14,1230,1210,
48347,833,564,65580,64524,
48349,690,560,48701,47735,
48351,129,172,13952,14445,
48353,199,181,14770,15216,
48355,4887,2924,361221,340223,
48357,178,73,10073,10223,
48359,24,8,2114,2052,
48361,1179,962,85047,81837,
48363,347,349,28570,28111,
48365,269,275,23243,23796,
48367,1549,1138,133463,116927,
48369,174,43,9842,10269,
48371,197,104,15634,15507,
48373,554,629,49162,45413,
48375,1870,1164,120458,121073,
48377,119,45,7156,7818,
48379,100,127,11762,10914,
48381,1689,1069,134442,120725,
48383,70,17,3710,3367,
48385,42,56,3429,3309,
48387,115,169,12229,12860,
48389,207,104,15281,13783,
48391,88,66,7224,7383,
48393,10,6,938,929,
48395,214,168,17203,16622,
48397,1082,552,96788,78337,
48399,108,125,10266,10501,
48401,612,534,52833,53330,
48403,108,158,10461,10834,
48405,82,131,8253,8865,
48407,299,303,28270,26384,
48409,1027,583,67215,64804,
48411,64,69,5959,6131,
48413,26,17,3001,3461,
48415,246,166,17050,16921,
48417,34,30,3328,3378,
48419,390,295,25513,25448,
48421,37,10,3067,3034,
48423,3159,2064,227727,209714,
48425,80,92,8845,8490,
48427,1266,400,64454,60968,
48429,96,96,9337,9630,
48431,16,13,1295,1143,
48433,15,9,1388,1490,
48435,55,25,3767,4128,
48437,95,63,7515,7854,
48439,28961,13274,2054475,1809034,
48441,2057,1371,136290,131506,
48443,8,10,810,984,
48445,188,121,12715,12651,
48447,14,12,1527,1641,
48449,502,254,32904,32334,
48451,1624,1040,118019,110224,
48453,16354,5783,1226698,1024266,
48455,150,215,14667,14585,
48457,209,233,21539,21766,
48459,472,443,41281,39309,
48461,60,13,3663,3355,
48463,408,244,27132,26405,
48465,885,360,49205,48879,
48467,634,650,55182,52579,
48469,1320,835,92084,86793,
48471,663,580,72245,67861,
48473,660,312,51307,43205,
48475,181,91,11472,10658,
48477,411,366,35043,33718,
48479,5253,1358,274794,250304,
48481,588,413,41968,41280,
48483,77,54,5358,5410,
48485,1676,1353,132000,131500,
48487,161,137,12764,13535,
48489,289,186,21584,22134,
48491,6714,2751,547545,422679,
48493,566,379,49304,42918,
48495,114,42,7574,7110,
48497,820,616,66181,59127,
48499,418,630,44314,41964,
48501,159,48,8568,7879,
48503,220,247,17979,18550,
48505,264,109,14322,14018,
48507,181,99,11948,11677,
49000,51461,16575,3101833,2763885,
49001,114,49,6386,6629,
49003,908,340,54079,49975,
49005,2437,531,124438,112656,
49007,279,166,20295,21403,
49009,8,6,1029,1059,
49011,5905,1647,347637,306479,
49013,395,114,20026,18607,
49015,137,82,10077,10976,
49017,49,23,5078,5172,
49019,139,71,9674,9225,
49021,920,294,51001,46163,
49023,213,89,11250,10246,
49025,87,62,7567,7125,
49027,207,95,12863,12503,
49029,168,42,11873,9469,
49031,12,9,1420,1556,
49033,31,11,2391,2264,
49035,17471,6497,1135649,1029655,
49037,264,108,15356,14746,
49039,400,178,30035,27822,
49041,311,183,21316,20802,
49043,439,164,41106,36324,
49045,989,330,67456,58218,
49047,565,229,35150,32588,
49049,12397,2249,606425,516564,
49051,438,133,32106,23530,
49053,2176,1275,165662,138115,
49055,37,23,2719,2778,
49057,3965,1575,251769,231236,
50000,5807,5497,623657,625741,
50001,315,317,36776,36821,
50003,340,450,35594,37125,
50005,263,285,30164,31227,
50007,1561,1081,162372,156545,
50009,58,62,6230,6306,
50011,560,376,49025,47746,
50013,53,53,6998,6970,
50015,258,193,25337,24475,
50017,254,258,28974,28936,
50019,269,292,26841,27231,
50021,499,629,59087,61642,
50023,537,517,58290,59534,
50025,371,438,42869,44513,
50027,469,546,55100,56670,
51000,101515,66786,8470020,8001024,
51001,371,473,32545,33164,
51003,1050,884,107702,98970,
51005,140,263,15122,16250,
51007,142,138,13020,12690,
51009,358,372,31594,32353,
51011,161,163,15681,14973,
51013,3074,1063,234965,207627,
51015,691,757,75144,73750,
51017,33,46,4297,4731,
51019,630,836,77974,68676,
51021,46,84,6350,6824,
51023,228,345,33192,33148,
51025,134,222,16244,17434,
51027,168,298,21514,24098,
51029,125,152,17065,17146,
51031,524,539,55010,54842,
51033,388,277,30461,28545,
51035,256,382,29708,30042,
51036,51,100,7004,7256,
51037,144,150,12119,12586,
51041,3797,2407,343599,316236,
51043,131,146,14508,14034,
51045,41,68,5062,5190,
51047,679,414,51282,46689,
51049,86,106,9811,10052,
51051,145,189,14782,15903,
51053,202,272,28208,28001,
51057,119,111,11028,11151,
51059,13949,5671,1148433,1081726,
51061,781,621,69465,65203,
51063,131,157,15755,15279,
51065,243,207,26452,25691,
51067,512,632,56445,56159,
51069,1001,677,86484,78305,
51071,187,202,16837,17286,
51073,357,435,37292,36858,
51075,143,172,22685,21717,
51077,133,188,15665,15533,
51079,197,148,19612,18403,
51081,141,117,11679,12243,
51083,393,491,34563,36241,
51085,988,821,105923,99863,
51087,3915,2693,327898,306935,
51089,417,708,51227,54151,
51091,17,26,2212,2321,
51093,359,381,36552,35270,
51095,696,669,75524,67009,
51097,58,84,7003,6945,
51099,328,166,26337,23584,
51101,196,131,16708,15935,
51103,100,204,10788,11391,
51105,223,320,23758,25587,
51107,5339,1475,398080,312311,
51109,375,351,35860,33153,
51111,115,167,12235,12914,
51113,147,112,13277,13308,
51115,64,125,8779,8978,
51117,263,461,30686,32727,
51119,95,135,10679,10959,
51121,850,627,98559,94392,
51125,121,146,14943,15020,
51127,214,138,21682,18429,
51131,107,205,11846,12389,
51133,77,176,12275,12330,
51135,150,210,15434,15853,
51137,380,320,36073,33481,
51139,233,284,23731,24042,
51141,118,234,17665,18490,
51143,488,739,61258,63506,
51145,225,242,28601,28046,
51147,249,228,22703,23368,
51149,350,257,37809,35725,
51153,6742,1969,463023,402002,
51155,297,420,34184,34872,
51157,45,75,7321,7373,
51159,73,98,8939,9254,
51161,756,979,93730,92376,
51163,147,229,22659,22307,
51165,807,755,80227,76314,
51167,235,364,27048,28897,
51169,171,286,21865,23177,
51171,438,462,43225,41993,
51173,280,464,30656,32208,
51175,118,210,17750,18570,
51177,1587,946,133033,122397,
51179,1674,762,146649,128961,
51181,56,59,6540,7058,
51183,88,136,11373,12087,
51185,402,628,41095,45078,
51187,456,361,39563,37575,
51191,526,620,54387,54876,
51193,203,211,17780,17454,
51195,388,468,38586,41452,
51197,278,364,28882,29235,
51199,645,520,67739,65464,
51510,2842,794,160035,139966,
51520,152,231,16790,17835,
51530,0,75,6327,6650,
51540,592,292,48019,43475,
51550,2991,1848,240397,222209,
51570,300,190,17830,17411,
51580,0,54,5531,5961,
51590,518,646,41130,43055,
51595,0,76,5282,5927,
51600,658,250,24097,22565,
51610,218,80,14583,12332,
51620,62,88,8176,8582,
51630,392,229,28360,24286,
51640,47,86,6625,7042,
51650,1595,1258,134669,137436,
51660,700,247,54215,48914,
51670,359,267,22621,22591,
51678,0,41,7106,7042,
51680,1194,703,80995,75568,
51683,752,163,41501,37821,
51685,10,42,16591,14273,
51690,255,200,13142,13821,
51700,2719,1500,179388,180719,
51710,3611,2067,244703,242803,
51720,20,26,3936,3958,
51730,651,435,31750,32420,
51735,98,106,12053,12150,
51740,1470,1031,94572,95535,
51750,132,67,17658,16408,
51760,3155,2064,227032,204214,
51770,1578,1150,99837,97032,
51775,355,298,25862,24802,
51790,368,315,24528,23746,
51800,1239,809,90237,84585,
51810,5935,3280,450435,437994,
51820,346,214,22327,21006,
51830,96,111,15031,14068,
51840,354,257,27932,26203,
53000,90459,56457,7405743,6724540,
53001,357,123,19506,18728,
53003,224,263,22535,21623,
53005,2742,1444,198171,175177,
53007,955,683,76533,72453,
53009,661,989,75474,71404,
53011,5652,3584,474643,425363,
53013,35,45,4047,4078,
53015,1278,1129,106910,102410,
53017,536,311,41945,38431,
53019,64,78,7594,7551,
53021,1642,416,92125,78163,
53023,29,26,2210,2266,
53025,1486,685,95158,89120,
53027,764,817,72697,72797,
53029,970,738,83159,78506,
53031,191,376,31234,29872,
53033,25950,13433,2188649,1931249,
53035,3127,2297,266414,251133,
53037,436,298,46205,40915,
53039,188,180,21811,20318,
53041,934,883,78200,75455,
53043,94,108,10579,10570,
53045,649,661,63710,60699,
53047,498,483,41742,41120,
53049,198,321,21626,20920,
53051,129,141,13354,13001,
53053,11778,6936,876764,795225,
53055,74,132,16715,15769,
53057,1475,1213,125619,116901,
53059,97,89,11837,11066,
53061,10064,5612,801633,713335,
53063,6122,4663,506152,471221,
53065,446,477,44730,43531,
53067,3171,2256,280588,252264,
53069,23,44,4264,3978,
53071,662,604,60567,58781,
53073,2373,1636,221404,201140,
53075,443,256,49046,44776,
53077,3942,2027,250193,243231,
54000,19098,22227,1815857,1852994,
54001,158,199,16497,16589,
54003,1388,1013,114920,104169,
54005,220,298,22349,24629,
54007,166,176,14237,14523,
54009,190,323,22443,24069,
54011,1084,1092,94958,96319,
54013,61,82,7307,7627,
54015,113,111,8764,9386,
54017,82,75,8560,8202,
54019,475,681,43521,46039,
54021,56,79,8005,8693,
54023,132,130,11670,11937,
54025,373,493,35287,35480,
54027,235,254,23471,23964,
54029,261,420,29448,30676,
54031,139,163,13717,14025,
54033,779,874,67811,69099,
54035,327,349,28976,29211,
54037,546,487,56338,53498,
54039,1985,2464,183293,193063,
54041,192,226,16226,16372,
54043,229,307,20825,21720,
54045,332,492,32925,36743,
54047,191,335,18456,22113,
54049,616,686,56337,56418,
54051,299,388,31190,33107,
54053,273,342,26801,27324,
54055,701,883,59753,62264,
54057,277,340,27222,28212,
54059,293,356,24127,26839,
54061,1082,689,105030,96189,
54063,124,154,13402,13502,
54065,129,219,17686,17541,
54067,256,344,25043,26233,
54069,458,583,42035,44443,
54071,58,66,6996,7695,
54073,82,75,7512,7605,
54075,84,116,8456,8719,
54077,313,356,33679,33520,
54079,584,590,56792,55486,
54081,779,1055,75022,78859,
54083,280,374,28785,29405,
54085,92,145,9774,10449,
54087,123,180,14043,14926,
54089,116,150,12993,13927,
54091,179,193,16930,16895,
54093,55,116,6915,7141,
54095,84,107,8795,9208,
54097,244,280,24465,24254,
54099,368,508,40153,42481,
54101,74,121,8372,9154,
54103,172,232,15437,16583,
54105,53,50,5794,5717,
54107,938,1059,85104,86956,
54109,198,347,21210,23796,
55000,66012,49431,5795483,5686986,
55001,129,251,19973,20875,
55003,176,172,15500,16157,
55005,484,469,45251,45870,
55007,113,176,15008,15014,
55009,3357,1871,262052,248007,
55011,145,122,13167,13587,
55013,143,155,15352,15457,
55015,485,344,50067,48971,
55017,697,567,63813,62415,
55019,574,319,34679,34690,
55021,615,515,57248,56833,
55023,153,161,16214,16644,
55025,6138,3191,536416,488073,
55027,797,886,87786,88759,
55029,226,351,27483,27785,
55031,410,420,43284,44159,
55033,446,321,44693,43857,
55035,1197,763,103671,98736,
55037,33,51,4371,4423,
55039,1043,884,102548,101633,
55041,104,111,8970,9304,
55043,571,472,51999,51208,
55045,368,342,36851,36842,
55047,190,215,18760,19051,
55049,279,204,23715,23687,
55051,32,83,5671,5916,
55053,239,171,20529,20449,
55055,828,672,84832,83686,
55057,273,257,26576,26664,
55059,1905,1336,168521,166426,
55061,197,185,20445,20574,
55063,1225,976,118274,114638,
55065,223,143,16741,16836,
55067,193,230,19160,19977,
55069,272,307,27838,28743,
55071,780,820,79175,81442,
55073,1605,1138,135732,134063,
55075,367,465,40310,41749,
55077,141,160,15308,15404,
55078,99,67,4615,4232,
55079,13448,8130,952085,947735,
55081,616,416,45625,44673,
55083,348,382,37553,37660,
55085,302,442,35254,35998,
55087,2329,1318,186059,176695,
55089,831,773,88429,86395,
55091,79,85,7254,7469,
55093,388,273,41901,41019,
55095,407,423,43450,44205,
55097,673,497,70474,70019,
55099,110,153,13442,14159,
55101,2387,1686,196071,195408,
55103,173,184,17516,18021,
55105,1935,1429,162309,160331,
55107,139,157,14151,14755,
55109,989,601,88703,84345,
55111,762,621,63981,61976,
55113,169,198,16418,16557,
55115,405,418,40935,41949,
55117,1264,1087,115344,115507,
55119,235,184,20321,20689,
55121,407,261,29472,28816,
55123,412,319,30759,29773,
55125,169,299,21683,21430,
55127,996,888,103082,102228,
55129,138,203,15758,15911,
55131,1346,1102,135101,131887,
55133,3849,3394,400621,389891,
55135,490,679,51225,52410,
55137,228,247,24369,24496,
55139,1911,1479,170414,166994,
55141,825,760,73126,74749,
56000,7513,4847,579315,563626,
56001,393,198,38332,36299,
56003,149,125,11906,11668,
56005,747,292,46242,46133,
56007,217,138,15303,15885,
56009,191,119,13809,13833,
56011,119,65,7410,7083,
56013,545,475,39803,40123,
56015,133,140,13378,13249,
56017,45,69,4696,4812,
56019,77,83,8476,8569,
56021,1317,845,98327,91738,
56023,260,134,19265,18106,
56025,1094,721,79547,75450,
56027,31,16,2397,2484,
56029,330,267,29568,28205,
56031,85,85,8562,8667,
56033,331,343,30210,29116,
56035,119,51,9799,10247,
56037,607,299,43534,43806,
56039,262,82,23265,21294,
56041,295,140,20495,21118,
56043,86,85,8064,8533,
56045,80,75,6927,7208,
72000,,,3337177,3725789,
72001,,,17971,19483,
72003,,,38118,41959,
72005,,,53164,60949,
72007,,,25850,28659,
72009,,,23108,25900,
72011,,,27059,29261,
72013,,,86066,96440,
72015,,,17881,19575,
72017,,,24240,24816,
72019,,,28511,30318,
72021,,,179565,208116,
72023,,,48824,50917,
72025,,,129604,142893,
72027,,,31732,35159,
72029,,,45823,47648,
72031,,,154489,176762,
72033,,,24374,28140,
72035,,,44027,48119,
72037,,,11602,13631,
72039,,,16627,18782,
72041,,,39813,43480,
72043,,,39071,40512,
72045,,,19343,20778,
72047,,,33694,37142,
72049,,,1769,1818,
72051,,,37026,38165,
72053,,,31324,36993,
72054,,,11775,12680,
72055,,,16363,19427,
72057,,,41281,45362,
72059,,,18611,21581,
72061,,,87328,97924,
72063,,,47109,45369,
72065,,,40111,41953,
72067,,,16032,17250,
72069,,,52771,58466,
72071,,,41949,45631,
72073,,,14625,16642,
72075,,,46400,50747,
72077,,,39101,40290,
72079,,,22929,25753,
72081,,,25772,30753,
72083,,,8402,9881,
72085,,,37659,38675,
72087,,,25926,30060,
72089,,,18311,20068,
72091,,,39103,44113,
72093,,,5665,6276,
72095,,,10808,12225,
72097,,,75525,89080,
72099,,,36328,40109,
72101,,,31092,32610,
72103,,,26177,26720,
72105,,,28306,30402,
72107,,,21109,23423,
72109,,,17004,19277,
72111,,,20447,24282,
72113,,,140859,166327,
72115,,,23734,25919,
72117,,,14128,15200,
72119,,,50128,54304,
72121,,,22690,25265,
72123,,,28216,31078,
72125,,,31654,35527,
72127,,,337288,395326,
72129,,,37379,41058,
72131,,,37306,42430,
72133,,,21863,23274,
72135,,,73217,74066,
72137,,,78092,89609,
72139,,,66675,74842,
72141,,,28791,33149,
72143,,,37566,39951,
72145,,,52436,59662,
72147,,,8669,9301,
72149,,,22528,26073,
72151,,,33629,37941,
72153,,,35635,42043,