regionname,state,median_price,FIPS
Los Angeles,CA,627777,6037
Cook,IL,264000,17031
Riverside,CA,384998,6065
Lee,FL,269900,12071
Navarro,TX,165000,48349
Stephenson,IL,89700,17177
Carter,OK,164900,40019
Noble,IN,129900,18113
Osage,OK,169900,40113
Santa Cruz,AZ,247000,4023
Stokes,NC,179900,37169
Lafayette,MS,300000,28071
Scott,KY,219900,21209
Washington,LA,132900,22117
Tulsa,OK,204000,40143
Marshall,IN,169900,18099
Douglas,NV,499900,32005
Cherokee,OK,137500,40021
Hoke,NC,179990,37093
Hopkins,KY,132900,21107
Fremont,CO,219573.5,8043
Chesterfield,SC,139700,45025
Culpeper,VA,319990,51047
Hillsdale,MI,129000,26059
Mifflin,PA,109900,42087
Kent,MI,219900,26081
Richmond,NC,114450,37153
Kay,OK,99900,40071
Mississippi,AR,89900,5093
Gadsden,FL,150000,12039
Henderson,KY,162200,21101
Warren,IA,256600,19181
Goodhue,MN,229900,27049
Iron,UT,219950,49021
Lawrence,IN,119000,18093
Campbell,WY,210000,56005
Polk,FL,199900,12105
Buffalo,NE,241450,31019
Fayette,WV,99000,54019
Lincoln,OR,330000,41041
Medina,TX,285000,48325
Perry,PA,169900,42099
Auglaize,OH,130000,39011
Saint John the Baptist,LA,149900,22095
Huntingdon,PA,149900,42061
Barron,WI,169900,55005
Logan,OH,138900,39091
District of Columbia,DC,550000,11001
Pittsburg,OK,127200,40121
Baldwin,GA,176450,13009
Bingham,ID,159900,16011
Calaveras,CA,342500,6009
Colquitt,GA,144950,13071
Vance,NC,147450,37181
Polk,TX,197500,48373
Branch,MI,139000,26023
Jefferson,PA,109450,42065
Phelps,MO,124900,29161
Denver,CO,475000,8031
Tazewell,VA,128000,51185
Itasca,MN,179900,27061
Bedford,TN,219900,47003
Stephens,OK,112000,40137
McDowell,NC,259450,37111
Union,PA,224000,42119
Atascosa,TX,213900,48013
Siskiyou,CA,235000,6093
Brown,OH,148900,39015
Lincoln,SD,262900,46083
Fort Bend,TX,329900,48157
Thomas,GA,189900,13275
Monroe,WI,145000,55081
Monroe,TN,173500,47123
Windham,VT,235000,50025
Ohio,WV,139900,54069
Beltrami,MN,193200,27007
Shelby,IN,131000,18145
Callaway,MO,144500,29027
Polk,WI,189900,55095
Douglas,WI,159000,55031
Ocean,NJ,294999,34029
Cerro Gordo,IA,136950,19033
Camden,MO,199900,29029
Hancock,MS,174900,28045
Dunn,WI,189000,55033
Sweetwater,WY,244000,56037
Crawford,OH,69900,39033
Sullivan,NH,211500,33019
Chilton,AL,154000,1021
Highland,OH,97000,39071
Stevens,WA,199975,53065
Arapahoe,CO,395742.5,8005
Charlottesville City,VA,398500,51540
Miller,AR,149900,5091
McKean,PA,92000,42083
Nelson,KY,186500,21179
Madison,OH,199900,39097
Susquehanna,PA,169900,42115
Waller,TX,330000,48473
Sanilac,MI,124900,26151
Danville City,VA,89900,51590
Habersham,GA,228000,13137
Delaware,PA,195000,42045
Wilson,TX,323450,48493
Orleans,NY,99900,36073
Mecosta,MI,139900,26107
Butler,MO,122000,29023
Burnet,TX,375000,48053
Muscatine,IA,150000,19139
Fulton,OH,129900,39051
Wayne,WV,107250,54099
Gratiot,MI,84900,26057
Bryan,OK,165000,40013
San Bernardino,CA,319794,6071
Bristol,MA,319900,25005
Sequoyah,OK,136500,40135
Jackson,IN,117950,18071
Coffee,GA,125000,13069
Preble,OH,112000,39135
Kandiyohi,MN,184950,27067
De Kalb,IN,156950,18033
Pettis,MO,114900,29159
Barren,KY,145000,21009
Wyoming,NY,99250,36121
Greene,AR,132900,5055
Johnson,KS,335000,20091
Shelby,KY,229900,21211
Avoyelles,LA,120000,22009
Shenandoah,VA,215000,51171
Tioga,PA,155000,42117
Wood,TX,173000,48499
Shawano,WI,125450,55115
Dubois,IN,184450,18037
Lawrence,TN,169000,47099
Logan,OK,249900,40083
Warren,PA,89900,42123
Brevard,FL,239900,12009
Marinette,WI,129900,55075
Union,AR,105000,5139
Tallapoosa,AL,275000,1123
Suwannee,FL,195500,12121
Baxter,AR,152800,5005
Delaware,OK,249000,40041
Polk,GA,129950,13233
Wise,VA,99999,51195
Ottawa,OH,205000,39123
Wharton,TX,172500,48481
Summit,OH,134900,39153
Montrose,CO,319000,8085
Mayes,OK,159450,40097
Davie,NC,215000,37059
Webster,LA,116950,22119
Okanogan,WA,252950,53047
Franklin,TN,219000,47051
Pierce,WI,249900,55093
Kittitas,WA,380000,53037
Bonner,ID,388000,16017
Jim Wells,TX,139000,48249
New Castle,DE,239000,10003
Mercer,OH,147450,39107
Levy,FL,197500,12075
Campbell,TN,179900,47013
Pasquotank,NC,185000,37139
Marshall,IA,104900,19127
Pike,MS,132500,28113
Howell,MO,129900,29091
Des Moines,IA,110000,19057
Jackson,NC,360000,37099
Rio Arriba,NM,199000,35039
Anne Arundel,MD,379900,24003
Ravalli,MT,367000,30081
Fremont,WY,210000,56013
Tift,GA,141000,13277
Champaign,OH,127950,39021
Guernsey,OH,114900,39059
Okmulgee,OK,112500,40111
Okeechobee,FL,180000,12093
Clarion,PA,99900,42031
Warren,TN,134900,47177
Knox,ME,329000,23013
Union,NJ,309900,34039
Snyder,PA,189900,42109
Murray,GA,152450,13213
Natchitoches,LA,189500,22069
Franklin,IL,72500,17055
Person,NC,184500,37145
Floyd,KY,119900,21071
Marion,IL,84250,17121
Essex,NY,204900,36031
Harrison,IN,184950,18061
Upshur,TX,169450,48459
Montgomery,OH,115000,39113
Nez Perce,ID,229900,16069
Clinton,PA,144900,42035
Scott,MO,114950,29201
Mower,MN,105000,27099
Hendry,FL,164950,12051
Crawford,KS,85000,20037
Cheatham,TN,239900,47021
Cass,IN,74950,18017
Livingston,IL,99500,17105
Jefferson,IL,114900,17081
Jefferson,CO,440000,8059
Waldo,ME,192000,23027
Greene,PA,128000,42059
Woodford,IL,172500,17203
Lawrence,MO,118900,29109
Chippewa,MI,120000,26033
Benton,MN,184950,27009
Knox,IN,74900,18083
Cooke,TX,289250,48097
Douglas,WA,310500,53017
Fayette,TN,310000,47047
Washington,OR,424900,41067
Dyer,TN,117700,47045
Escambia,AL,122850,1053
Montgomery,IN,122450,18107
Brown,TX,149500,48049
Amador,CA,354900,6005
Caldwell,TX,215000,48055
Webster,IA,90000,19187
Putnam,IN,135000,18133
Erath,TX,210000,48143
Isanti,MN,219000,27059
Clark,NV,284000,32003
Lancaster,PA,242500,42071
Talbot,MD,494900,24041
Covington,AL,129500,1039
Clinton,IL,129900,17027
Oconto,WI,162200,55083
Williams,OH,107000,39171
Warren,VA,250000,51187
Madison,ID,244000,16065
Newberry,SC,179450,45071
Pontotoc,OK,145000,40123
Latah,ID,259000,16057
Douglas,NE,225000,31055
Graham,AZ,165000,4009
Alexander,NC,189900,37003
Calloway,KY,184700,21035
Marshall,MS,150950,28093
Lagrange,IN,162449.5,18087
Bennington,VT,299000,50003
Huntington,IN,107124,18069
Graves,KY,115900,21083
Delta,MI,119000,26041
Fulton,IL,75000,17057
Utah,UT,337945,49049
Alcorn,MS,164900,28003
Clatsop,OR,329950,41007
Monroe,MS,114900,28095
Scotts Bluff,NE,169900,31157
Greenup,KY,143900,21089
Boone,AR,149900,5009
Miami,IN,71899,18103
Coshocton,OH,109000,39031
Gloucester,VA,264900,51073
Green,WI,200000,55045
Kane,IL,269559.5,17089
Jasper,IA,115000,19099
Addison,VT,299000,50001
Finney,KS,204900,20055
Logan,WV,99000,54045
Matagorda,TX,199000,48321
Dodge,NE,158950,31053
McLeod,MN,159950,27085
Independence,AR,139900,5063
Houghton,MI,117500,26061
Steele,MN,179200,27147
Stanislaus,CA,309990,6099
Brown,SD,183250,46013
Summit,UT,1297000,49043
Ware,GA,115000,13299
Cowley,KS,92500,20035
Albany,WY,269000,56001
Lincoln,NE,154900,31111
Hale,TX,118500,48189
Halifax,VA,119000,51083
Webster,MO,154900,29225
Perry,OH,124900,39127
Camden,NJ,149000,34007
Lee,IL,115000,17103
Douglas,MN,255500,27041
Oneida,WI,219900,55085
Saint Bernard,LA,159000,22087
Lee,IA,99500,19111
Prince George,VA,234950,51149
Jasper,TX,149900,48241
Cocke,TN,153750,47029
Beauregard,LA,169900,22011
Whitley,KY,129250,21235
Ramsey,MN,239000,27123
Wapello,IA,94900,19179
Clark,KY,168000,21049
Barry,MO,155950,29009
Laclede,MO,139900,29105
Morgan,IL,109450,17137
Greenbrier,WV,189000,54025
Montgomery,KS,69900,20125
Carlton,MN,159900,27017
Sagadahoc,ME,279900,23023
Isle of Wight,VA,337900,51093
Passaic,NJ,289900,34031
Seneca,NY,139900,36099
Hopkins,TX,169900,48223
Chambers,TX,284205,48071
Hill,TX,158500,48217
Weakley,TN,122150,47183
Howard,TX,155000,48227
Bureau,IL,104750,17011
Clarendon,SC,189450,45027
Lassen,CA,212250,6035
Madison,NE,179700,31119
Chester,PA,379990,42029
Pulaski,VA,164900,51155
Morrow,OH,154900,39117
Christian,IL,87950,17021
Panola,MS,145000,28107
Clark,WI,105000,55019
Harvey,KS,125900,20079
McClain,OK,225000,40087
Putnam,OH,122500,39137
Lincoln,ME,295000,23015
Williamsburg,SC,148450,45089
Sedgwick,KS,159900,20173
Adams,IN,97500,18001
Geary,KS,117500,20061
Lawrence,AL,129500,1079
Lincoln,OK,153000,40081
Effingham,IL,158950,17049
Chambers,AL,97500,1017
Silver Bow,MT,154900,30093
Steuben,IN,197900,18151
Macon,NC,299000,37113
Dare,NC,419000,37055
King,WA,559950,53033
Lake,IN,173700,18089
Ford,KS,158000,20057
Washington,TX,296050,48477
Sioux,IA,179750,19167
Preston,WV,164800,54077
Gibson,IN,114900,18051
Orange,VA,259990,51137
Jasper,IN,175000,18073
Randolph,IL,89900,17157
Kendall,TX,400000,48259
Lafayette,MO,103200,29107
Plymouth,MA,419000,25023
Lincoln,TN,173750,47103
Marion,IA,186000,19125
Whitley,IN,159900,18183
Jackson,OH,115000,39079
Morrison,MN,209900,27097
Greene,IN,99450,18055
Accomack,VA,199000,51001
Louisa,VA,314945,51109
Botetourt,VA,259950,51023
Chester,SC,99900,45023
Volusia,FL,235000,12127
Huron,MI,98500,26063
Marshall,WV,112450,54051
Transylvania,NC,349000,37175
Caroline,MD,184900,24011
Coos,NH,129000,33007
Monroe,IL,239900,17133
Taos,NM,345000,35055
Hot Spring,AR,119750,5059
Pike,AL,155950,1109
Wabash,IN,86750,18169
Morris,NJ,450000,34027
Washington,ME,155900,23029
Sumter,GA,115500,13261
Oconee,GA,370000,13219
Miami,KS,215700,20121
Schoharie,NY,149900,36095
Wexford,MI,128500,26165
Nicollet,MN,199900,27103
Mecklenburg,VA,184450,51117
Emmet,MI,229985,26047
Dorchester,MD,192500,24019
Guilford,NC,184000,37081
McDonough,IL,94900,17109
Uintah,UT,180000,49047
Warren,MO,179900,29219
Becker,MN,269900,27005
Jefferson,IN,149900,18077
Amherst,VA,189450,51009
Titus,TX,189480,48449
Henry,TN,127950,47079
Leflore,MS,89500,28083
Adams,MS,169900,28001
Dane,WI,295900,55025
Platte,NE,175000,31141
Claiborne,TN,175000,47025
Smyth,VA,118900,51173
Stone,MO,199750,29209
Dillon,SC,79700,45033
Kleberg,TX,132400,48273
Hardin,OH,114900,39065
Harris,GA,252400,13145
Brookings,SD,199900,46011
Dunklin,MO,83200,29069
Sonoma,CA,679250,6097
Knox,KY,129450,21121
Bee,TX,169000,48025
Ottawa,OK,88950,40115
Rhea,TN,179700,47143
Obion,TN,109900,47131
Franklin,AL,139400,1059
Daviess,IN,115000,18027
Jefferson Davis,LA,160000,22053
Muhlenberg,KY,119500,21177
Marshall,KY,165000,21157
Spokane,WA,229900,53063
Adams,NE,139900,31001
Malheur,OR,177000,41045
Juneau,AK,365000,2110
Freeborn,MN,109900,27047
Caledonia,VT,194950,50005
Polk,MO,137000,29167
Delta,CO,314000,8029
Gallia,OH,125000,39053
Clare,MI,85000,26035
Wakulla,FL,204900,12129
Richmond,NY,539949.5,36085
Franklin,ME,188000,23007
Hancock,WV,95950,54029
Cass,TX,129900,48067
Logan,IL,88950,17107
Bryan,GA,266900,13029
Montgomery,IL,79700,17135
Wayne,GA,132000,13305
Garrett,MD,297200,24023
Carroll,VA,149250,51035
Stoddard,MO,119900,29207
Onondaga,NY,149900,36067
Lumpkin,GA,264450,13187
Pontotoc,MS,137750,28115
Jefferson,WA,409500,53031
Vernon,WI,164950,55123
Pine,MN,159900,27115
Iroquois,IL,96000,17075
Neshoba,MS,99000,28099
Alpena,MI,104900,26007
Grant,NM,198000,35017
Giles,TN,166950,47055
Wayne,MI,108000,26163
Pasco,FL,225000,12101
Copiah,MS,135000,28029
Pickens,GA,309450,13227
Randolph,WV,159900,54083
San Miguel,NM,199000,35047
Hocking,OH,149900,39073
Harlan,KY,89250,21095
Wythe,VA,161950,51197
Jackson,WV,139000,54035
McPherson,KS,147750,20113
Sheridan,WY,215000,56033
Hampden,MA,209900,25013
Fayette,OH,99900,39047
Union,SC,106950,45087
Orange,VT,229900,50017
Marlboro,SC,83900,45069
Russell,VA,129250,51167
Tate,MS,164000,28137
Trempealeau,WI,164900,55121
Marion,MO,129450,29127
Haralson,GA,166750,13143
Lake,MT,415000,30047
Montgomery,TX,304990,48339
Van Wert,OH,96500,39161
Lincoln,WI,134900,55069
Perry,KY,134900,21193
Mason,MI,149900,26105
Bell,KY,90000,21013
Jones,GA,156000,13169
Del Norte,CA,255000,6015
Meade,KY,170450,21163
Cass,MN,250000,27021
Adams,OH,89750,39001
Greenville,SC,269850,45045
Caroline,VA,223229,51033
Jennings,IN,99900,18079
Carroll,TN,126500,47017
Bradford,FL,174900,12007
Ellis,KS,167000,20051
Boyle,KY,189500,21021
Austin,TX,349000,48015
Lee,GA,155000,13177
Gilmer,GA,232900,13123
Wyoming,PA,192400,42131
Burlington,NJ,200000,34005
Saint Francis,AR,89900,5123
Marion,TN,199925,47115
Henry,OH,109900,39069
Mineral,WV,134900,54057
Park,WY,299500,56029
Glenn,CA,239000,6021
Madison,GA,174900,13195
Palo Pinto,TX,349000,48363
Powhatan,VA,370224.5,51145
Dinwiddie,VA,179450,51053
Tulare,CA,240000,6107
Summit,CO,715000,8117
Morehouse,LA,103950,22067
Decatur,GA,146000,13087
Sanpete,UT,245000,49039
Lauderdale,TN,74700,47097
Door,WI,259000,55029
Henderson,TN,150600,47077
Carter,KY,113900,21043
Le Sueur,MN,209000,27079
Peach,GA,154900,13225
Lucas,OH,107900,39095
Barton,KS,120000,20009
Wells,IN,119900,18179
Garvin,OK,109950,40049
Simpson,MS,129900,28127
Morton,ND,229900,38059
Custer,OK,186450,40039
Barbour,AL,164500,1005
Carroll,AR,189450,5015
Cherokee,NC,179900,37039
Mason,WV,99500,54053
Adams,CO,359250,8001
Ashe,NC,248000,37009
Hardeman,TN,130000,47069
Orleans,VT,199500,50019
Toombs,GA,154500,13279
Cibola,NM,115000,35006
Upson,GA,110000,13293
White,GA,184900,13311
Union,MS,169900,28145
Baker,FL,189500,12003
Lewis,NY,129900,36049
East Baton Rouge,LA,210000,22033
Elmore,ID,169000,16039
Anson,NC,99900,37007
Clay,IN,89900,18021
Logan,KY,129900,21141
Geneva,AL,101400,1061
Juneau,WI,129900,55057
Grimes,TX,238500,48185
Oceana,MI,169900,26127
Montgomery,KY,134000,21173
Somerset,MD,149900,24039
Virginia Beach City,VA,275000,51810
Jackson,OK,136500,40065
Monroe,GA,289900,13207
Uvalde,TX,188900,48463
San Jacinto,TX,215000,48407
Boone,IA,156500,19015
Nicholas,WV,129700,54067
Winchester City,VA,269900,51840
Stephens,GA,219000,13257
Randolph,IN,64400,18135
Dickinson,MI,99900,26043
Tarrant,TX,250000,48439
York,PA,216662,42133
Cheboygan,MI,159900,26031
Jefferson,ID,249999,16051
Ouachita,AR,107000,5103
Mille Lacs,MN,192400,27095
Benton,IA,142000,19011
McNairy,TN,99450,47109
Hardin,TN,193500,47071
Chattooga,GA,89900,13055
Texas,MO,129900,29215
Franklin,KS,145000,20059
Jefferson,LA,206900,22051
Cherokee,AL,192200,1019
Cleburne,AR,219000,5023
Charlevoix,MI,270000,26029
Posey,IN,138000,18129
Brown,MN,129900,27015
Iosco,MI,99900,26069
Lyon,MN,142000,27083
White,TN,133888,47185
Clarke,AL,159700,1025
Union,OR,214950,41061
Knox,TN,229000,47093
Grayson,KY,139900,21085
Decatur,IN,139450,18031
Gladwin,MI,120000,26051
Fluvanna,VA,239900,51065
Adair,MO,119000,29001
Lee,VA,89000,51105
Johnson,AR,134900,5071
Montezuma,CO,298000,8083
Audrain,MO,75000,29007
Tattnall,GA,119900,13267
Polk,IA,215900,19153
Seminole,OK,75000,40133
Meade,SD,244950,46093
Abbeville,SC,150000,45001
Randolph,MO,95000,29175
Yates,NY,229900,36123
Prentiss,MS,121999,28117
Tillamook,OR,369000,41057
Cass,NE,215000,31025
Hart,GA,254500,13147
Wasco,OR,258950,41065
Genesee,MI,135900,26049
Luna,NM,119900,35029
Grady,GA,174900,13131
Plymouth,IA,165000,19149
Woodford,KY,252700,21239
Saline,IL,89200,17165
Washington,FL,149450,12133
Todd,MN,144900,27153
Churchill,NV,229200,32001
Gillespie,TX,479000,48171
Salem City,VA,184975,51775
Clark,WA,385000,53011
Jasper,SC,273400,45053
Milam,TX,199900,48331
Miller,MO,174900,29131
Lincoln,KY,114900,21137
Manistee,MI,167000,26101
Crawford,MO,124900,29055
Hickman,TN,160000,47081
Hertford,NC,119500,37091
Grant,KY,164900,21081
White,IN,120000,18181
Santa Barbara,CA,899000,6083
Juniata,PA,164900,42067
Boone,WV,110000,54005
Fayette,TX,395000,48149
Columbia,AR,139000,5027
Taylor,KY,162450,21217
Martin,NC,95900,37117
Waushara,WI,145250,55137
Winston,AL,319900,1133
Lamoille,VT,293500,50015
Roscommon,MI,109900,26143
Seminole,FL,289000,12117
Dawson,NE,160000,31047
Fredericksburg City,VA,349000,51630
Fayette,IN,65450,18041
Bremer,IA,154950,19017
Upshur,WV,153500,54097
Stark,ND,238000,38089
Otsego,MI,147750,26137
Sumner,KS,79900,20191
Buchanan,VA,99000,51027
Lawrence,SD,294900,46081
Williamson,TX,300000,48491
Brooke,WV,78400,54009
Page,VA,185000,51139
Hampshire,WV,165000,54027
Fairfield,SC,167500,45039
Leake,MS,105000,28079
Panola,TX,175000,48365
Wyoming,WV,53000,54109
West Baton Rouge,LA,217250,22121
Staunton City,VA,179900,51790
Houston,TX,181468.5,48225
Washoe,NV,399000,32031
Caswell,NC,180000,37033
Iowa,WI,205400,55049
Fannin,GA,324900,13111
Butts,GA,169900,13035
King George,VA,332500,51099
Antrim,MI,159900,26009
Currituck,NC,366635,37053
Wasatch,UT,599900,49051
Osceola,MI,113500,26133
Routt,CO,569000,8107
Santa Clara,CA,995000,6085
Monterey,CA,767150,6053
Crisp,GA,209500,13081
Assumption,LA,160000,22007
Itawamba,MS,147700,28057
Limestone,TX,129900,48293
Saline,MO,106900,29195
Nodaway,MO,125000,29147
Prince Edward,VA,189250,51147
Starke,IN,129900,18149
Johnson,KY,129000,21115
Teller,CO,347250,8119
Solano,CA,426000,6095
Rowan,KY,149000,21205
Burke,GA,142500,13033
Meeker,MN,154900,27093
Scott,VA,112442.5,51169
Aransas,TX,299900,48007
Franklin,IN,169900,18047
Elbert,CO,564500,8039
Plaquemines,LA,329900,22075
Clark,AR,124900,5019
Jersey,IL,129700,17083
Mobile,AL,155185,1097
Cassia,ID,199250,16031
Seward,KS,128000,20175
Hockley,TX,140000,48219
Bibb,AL,134950,1007
Randolph,AL,214500,1111
Pointe Coupee,LA,257530,22077
Union,LA,175000,22111
Logan,CO,159450,8075
Jo Daviess,IL,185000,17085
Grainger,TN,199900,47057
Berks,PA,175000,42011
Payette,ID,180900,16075
Wyandot,OH,89000,39175
Emanuel,GA,130950,13107
Hopewell City,VA,119900,51670
George,MS,125000,28039
Taylor,FL,139500,12123
Fairfax City,VA,550000,51600
Gray,TX,105000,48179
Yankton,SD,176100,46135
Williams,ND,244000,38105
Cameron,TX,180000,48061
Mahaska,IA,114900,19123
Jerome,ID,169450,16053
Curry,OR,375000,41015
Logan,AR,91250,5083
Perry,IL,84500,17145
Hood River,OR,493750,41027
Dawson,GA,314900,13085
Rockbridge,VA,299000,51163
Henry,MO,89900,29083
Tippah,MS,139655.5,28139
Prince William,VA,395000,51153
Yell,AR,105500,5149
Hutchinson,TX,103450,48233
Fayette,IL,90000,17051
Beckham,OK,127450,40009
Franklin,GA,189950,13119
Overton,TN,149950,47133
Meriwether,GA,136000,13199
Morgan,TN,147400,47129
McDuffie,GA,130000,13189
Ashley,AR,103500,5003
Hillsborough,NH,299000,33011
Dodge,GA,121950,13091
Tyler,TX,134950,48457
Jefferson,OR,232450,41031
Goochland,VA,449990,51075
Leelanau,MI,349000,26089
Washington,IA,168500,19183
Ogemaw,MI,110500,26129
Worth,GA,129950,13321
Wabasha,MN,195200,27157
Asotin,WA,234375,53003
Dakota,MN,299900,27037
Labette,KS,61900,20099
Pottawatomie,KS,229900,20149
Cherokee,KS,68950,20021
Owen,IN,149900,18119
Sullivan,IN,82500,18153
Macon,AL,77250,1087
Vilas,WI,269900,55125
Anderson,KY,174900,21005
Colusa,CA,253625,6011
Carbon,UT,124900,49007
Ada,ID,302900,16001
Calhoun,TX,199900,48057
Blaine,ID,727000,16013
Greene,NC,99700,37079
Union,GA,234000,13291
Mercer,KY,148500,21167
Teton,WY,1395000,56039
Bertie,NC,90000,37015
Jay,IN,81700,18075
Putnam,GA,307500,13237
Washington,GA,132500,13303
Waukesha,WI,329900,55133
Vernon,MO,117000,29217
Uinta,WY,179900,56041
Stutsman,ND,189250,38093
Hampton,SC,108500,45049
Waynesboro City,VA,159900,51820
Crook,OR,299999,41013
Warren,NC,279000,37185
Buchanan,IA,120000,19019
Spencer,IN,167400,18147
Butler,AL,132400,1013
Broward,FL,298900,12011
Richland,SC,191900,45079
Pacific,WA,209450,53049
Adams,WI,149000,55001
Colorado,TX,285000,48089
Fillmore,MN,132950,27045
Martin,MN,109900,27091
Fulton,IN,124900,18049
Concordia,LA,158000,22029
Carroll,IA,150950,19027
Wayne,KY,154900,21231
Sevier,UT,143000,49041
Pulaski,AR,169900,5119
Madison,NC,299949.5,37115
Wayne,MS,90000,28153
Clinton,MO,143450,29049
Taylor,WI,132500,55119
Polk,AR,129250,5113
Jones,IA,147450,19105
Kewaunee,WI,145000,55061
Morgan,MO,189900,29141
Polk,NC,350000,37149
Lincoln,NM,274750,35027
Sarasota,FL,336900,12115
La Paz,AZ,139450,4012
Bandera,TX,299999,48019
Jackson,WI,139900,55053
Hubbard,MN,234500,27057
Klickitat,WA,299000,53039
Buena Vista,IA,125000,19021
McIntosh,OK,130000,40091
Jones,TX,82500,48253
Kent,MD,280950,24029
Elbert,GA,128400,13105
Clackamas,OR,465000,41005
Carroll,IN,120450,18015
De Witt,TX,177450,48123
Dodge,MN,208250,27039
Woodward,OK,166000,40153
Breckinridge,KY,149000,21027
Plumas,CA,329000,6063
Bourbon,KY,155000,21017
Langlade,WI,128000,55067
Allen,KY,129900,21003
Holmes,FL,139000,12059
Pinal,AZ,209900,4021
Roosevelt,NM,150000,35041
Orange,IN,89949.5,18117
Marion,KY,139900,21155
Freestone,TX,169900,48161
Gonzales,TX,210000,48177
Dickinson,KS,110000,20041
Pickens,AL,111400,1107
Montague,TX,152000,48337
Lincoln,MT,295000,30053
Lampasas,TX,197500,48281
Stark,OH,139900,39151
Paulding,OH,83700,39125
Tishomingo,MS,146474.5,28141
Perry,IN,96200,18123
Llano,TX,428700,48299
Berrien,GA,123900,13019
Madison,FL,149100,12079
Lee,SC,137450,45061
Winston,MS,99000,28159
Smith,TN,175000,47159
Waseca,MN,130000,27161
Orange,NY,265000,36071
Union,TN,173600,47173
Hancock,IL,89900,17067
Benton,MO,115000,29015
Green Lake,WI,184950,55047
Houston,MN,199999,27055
Arkansas,AR,99500,5001
Perry,MO,144900,29157
Poweshiek,IA,145000,19157
Harrison,KY,149000,21097
Otero,CO,94950,8089
Butler,OH,189000,39017
Wright,MO,164900,29229
Pierce,GA,164950,13229
Adams,WA,159900,53001
Dekalb,TN,248914,47041
Adair,KY,139000,21001
Duchesne,UT,169950,49013
Edgar,IL,74750,17045
Southampton,VA,175000,51175
Young,TX,125000,48503
Inyo,CA,324900,6027
Mercer,NJ,229900,34021
Humphreys,TN,152450,47085
Pike,MO,86500,29163
Cedar,IA,137200,19031
Patrick,VA,149900,51141
New Kent,VA,309712.5,51127
Greene,VA,267250,51079
Banks,GA,232200,13011
Schuyler,NY,169000,36097
McCreary,KY,99900,21147
Montour,PA,232000,42093
Westmoreland,PA,142500,42129
Mariposa,CA,318085,6043
Johnson,TN,184700,47091
Bosque,TX,169000,48035
Sainte Genevieve,MO,116750,29186
Clayton,IA,142500,19043
Franklin,AR,110900,5047
Lincoln,WY,298300,56023
Richland,WI,136700,55103
Jackson,AR,49200,5067
Randolph,AR,95000,5121
Bexar,TX,259900,48029
Saint Charles,MO,243999,29183
Fentress,TN,138000,47049
Cross,AR,128250,5037
Pike,GA,269900,13231
Morgan,GA,349900,13211
Socorro,NM,137000,35053
Grant,AR,154900,5053
Bristol City,VA,110500,51520
Yancey,NC,278950,37199
Chaffee,CO,425000,8015
Avery,NC,259000,37011
Allen,IN,168900,18003
Stone,MS,159900,28131
Bond,IL,95900,17005
Warren,IL,88500,17187
Ben Hill,GA,89750,13017
Washington,AL,130000,1129
Russell,KY,129900,21207
Morgan,WV,177000,54065
Piscataquis,ME,140950,23021
Hardin,IA,89900,19083
Gaines,TX,205000,48165
Lane,OR,289000,41039
Benzie,MI,239900,26019
Mason,KY,135000,21161
Potter,PA,120000,42105
Westmoreland,VA,229250,51193
Brunswick,VA,179900,51025
Lawrence,AR,74250,5075
Colonial Heights City,VA,179950,51570
Beadle,SD,149450,46005
Rush,IN,113000,18139
Parke,IN,157200,18121
Forsyth,NC,181900,37067
Simpson,KY,169900,21213
Henry,AL,184950,1067
Van Buren,AR,115000,5141
Giles,VA,135000,51071
Sharp,AR,85000,5135
Fountain,IN,81950,18045
Cook,GA,115000,13075
Kalkaska,MI,131900,26079
Pitkin,CO,2575000,8097
Buckingham,VA,144900,51029
Charleston,SC,435000,45019
Chester,TN,135900,47023
Spencer,KY,229900,21215
Sevier,AR,145500,5133
Wayne,TN,149900,47181
Gilchrist,FL,178000,12041
Atchison,KS,93350,20005
Scurry,TX,126000,48415
Garrard,KY,177900,21079
Taylor,WV,139250,54091
Jefferson,IA,137500,19101
Lehigh,PA,224900,42077
Lafayette,WI,119200,55065
Polk,TN,219000,47139
Leon,TX,205000,48289
Dallas,MO,114900,29059
Wayne,IL,95000,17191
Seward,NE,199900,31159
Piatt,IL,149900,17147
Gem,ID,274900,16045
Clay,IA,142500,19041
Dickinson,IA,249900,19059
Placer,CA,500000,6061
Marion,AR,148900,5089
Crawford,WI,139900,55023
Dade,GA,184850,13083
Lee,TX,287000,48287
Barbour,WV,109999,54001
Pawnee,OK,138000,40117
Dewitt,IL,94900,17039
Sawyer,WI,239900,55113
Dukes,MA,1295000,25007
Humboldt,NV,248600,32013
Washtenaw,MI,289000,26161
Neosho,KS,94900,20133
Benton,TN,129900,47005
Gogebic,MI,103700,26053
Dixie,FL,152500,12029
Radford City,VA,149900,51750
Torrance,NM,152950,35057
Lewis,WV,149900,54041
Iowa,IA,135000,19095
Clark,IL,102900,17023
Richland,ND,149000,38077
Orleans,LA,299000,22071
Rabun,GA,299000,13241
Idaho,ID,249250,16049
Alleghany,VA,149900,51005
Brooks,GA,139900,13027
Kanabec,MN,167950,27065
Richland,IL,94950,17159
Vermillion,IN,72650,18165
Park,CO,345000,8093
Aitkin,MN,199700,27001
Ashland,WI,129900,55003
Nueces,TX,219900,48355
Baker,OR,169900,41001
Hill,MT,179500,30041
Clay,AR,74950,5021
Redwood,MN,84700,27127
Greene,GA,460495,13133
Casey,KY,116950,21045
Tipton,IN,120000,18159
King William,VA,213500,51101
Page,IA,95250,19145
Washburn,WI,204900,55129
New York,NY,1975000,36061
Hamilton,TN,241500,47065
Arenac,MI,109900,26011
Carbon,WY,178500,56007
Gulf,FL,299450,12045
Marshall,OK,169000,40095
San Juan,WA,695000,53055
Hale,AL,132900,1065
Otoe,NE,134950,31131
Renville,MN,84700,27129
Madison,AR,220000,5087
Madison,IA,225000,19121
Madison,AL,219466,1089
Dent,MO,109200,29065
Park,MT,399000,30067
Roseau,MN,149000,27135
West Feliciana,LA,287500,22125
Mitchell,NC,215000,37121
Macon,MO,122400,29121
Kossuth,IA,109900,19109
Grayson,VA,160000,51077
Pecos,TX,159500,48371
Las Animas,CO,189950,8071
Marion,FL,179900,12083
Gooding,ID,157400,16047
Burnett,WI,179200,55013
Alamosa,CO,165000,8003
Massac,IL,87750,17127
Henry,KY,167900,21103
Marquette,WI,133000,55077
Gunnison,CO,599000,8051
Floyd,VA,235000,51063
Brown,IN,239900,18013
Gasconade,MO,131950,29073
Anoka,MN,261312,27003
Nolan,TX,127000,48353
Calhoun,SC,187245,45017
Bourbon,KS,80450,20011
Jeff Davis,GA,97000,13161
Mills,IA,165000,19129
Kingfisher,OK,154900,40073
Craig,OK,138500,40035
Nelson,VA,279000,51125
Bayfield,WI,202450,55007
Appomattox,VA,171400,51011
Somerset,NJ,467500,34035
Calhoun,MS,95000,28013
Oglethorpe,GA,174900,13221
Butler,IA,119700,19023
Missaukee,MI,136450,26113
Moultrie,IL,97500,17139
Fulton,PA,199900,42057
Grand,CO,492000,8049
Chowan,NC,198500,37041
Andrews,TX,204950,48003
Rusk,WI,135900,55107
Manatee,FL,319900,12081
Macon,GA,84950,13193
Washington,IL,122450,17189
White,IL,99000,17193
Calhoun,FL,132400,12013
Trinity,TX,149900,48455
Braxton,WV,120000,54007
Long,GA,179450,13183
Greene,MS,130000,28041
Union,SD,279900,46127
Mississippi,MO,75000,29133
Collier,FL,439900,12021
Fleming,KY,117900,21069
Trigg,KY,193700,21221
McIntosh,GA,249450,13191
Allamakee,IA,149750,19005
Manassas Park City,VA,277450,51685
Newton,IN,102450,18111
Mono,CA,524450,6051
Saline,NE,125000,31151
Larue,KY,129450,21123
Price,WI,118500,55099
Luzerne,PA,124900,42079
Sequatchie,TN,225450,47153
Ripley,MO,119900,29181
Ford,IL,94700,17053
Jackson,TX,179925,48239
Crawford,MI,109900,26039
Williamsburg City,VA,320610,51830
Clarke,VA,425000,51043
Hardy,WV,161200,54031
Hughes,OK,104900,40063
Cedar,MO,97250,29039
Cumberland,NC,144900,37051
Swain,NC,244500,37173
Comanche,TX,125000,48093
Cass,IA,95000,19029
Clay,AL,157200,1027
Pennington,MN,169900,27113
Summers,WV,122450,54089
Jasper,GA,184900,13159
Greene,IL,77250,17061
Wadena,MN,129950,27159
Dawson,TX,81350,48115
Saint Louis City,MO,142900,29510
Converse,WY,215000,56009
Martinsville City,VA,99900,51690
Cannon,TN,177450,47015
Moffat,CO,178850,8081
Trinity,CA,325000,6105
Colfax,NM,250000,35007
Grundy,TN,161450,47061
Izard,AR,142500,5065
Douglas,MO,125000,29067
Madison,TX,198913.5,48313
Harris,TX,274900,48201
Philadelphia,PA,189000,42101
Chesterfield,VA,309950,51041
Cass,IL,85900,17017
Kodiak Island,AK,330000,2150
Buffalo,WI,146999,55011
Callahan,TX,129000,48059
Monroe,WV,145000,54063
Perquimans,NC,235000,37143
Glacier,MT,135000,30035
Presque Isle,MI,125000,26141
Allen,KS,69900,20001
Stewart,TN,147500,47161
Marion,OR,267500,41047
Koochiching,MN,114450,27071
Madison,VA,308133.5,51113
Goshen,WY,153600,56015
Fremont,ID,249950,16043
Wright,IA,97900,19197
Little River,AR,108900,5081
Pamlico,NC,259450,37137
Bleckley,GA,129900,13023
Morris,TX,82500,48343
Appanoose,IA,79900,19007
Brazoria,TX,265000,48039
Glades,FL,163700,12043
Haskell,OK,113950,40061
Blackford,IN,62000,18009
Shoshone,ID,124000,16079
Linn,MO,83700,29115
Amelia,VA,284900,51007
Marshall,IL,135900,17123
Crawford,GA,150000,13079
Powell,KY,102450,21197
Charlotte,VA,132000,51037
Loudoun,VA,575000,51107
Johnson,IL,159900,17087
Millard,UT,129000,49027
Todd,KY,114950,21219
Grundy,IA,109900,19075
Chippewa,MN,88000,27023
Camp,TX,184900,48063
Stone,AR,179900,5137
Northampton,VA,299499.5,51131
Bollinger,MO,117900,29017
Falls Church City,VA,807400,51610
Rockland,NY,449900,36087
Northumberland,VA,349900,51133
Fulton,AR,135250,5049
Montgomery,MO,89900,29139
Gates,NC,132500,37073
Charlton,GA,94950,13049
Shelby,IA,115000,19165
Lewis,TN,164900,47101
Edmonson,KY,175000,21061
Poquoson City,VA,319900,51735
Sussex,VA,101900,51183
Bell,TX,161450,48027
Archuleta,CO,419900,8007
Sierra,NM,156400,35051
Rio Grande,CO,249500,8105
Wabash,IL,109900,17185
Grant,WV,175000,54023
Iron,MI,80950,26071
Decatur,TN,140885,47039
Meigs,TN,167650,47121
Custer,MT,175000,30017
Cottonwood,MN,84900,27033
McHenry,IL,239900,17111
Big Horn,WY,184950,56003
Bath,KY,123500,21011
Fergus,MT,169030,30027
Franklin,FL,374999.5,12037
Lake,MI,109000,26085
Coosa,AL,169900,1037
Ramsey,ND,176500,38071
Sanders,MT,275000,30089
Jefferson,MT,301400,30043
Lancaster,VA,339500,51103
Henrico,VA,289000,51087
Lowndes,AL,129900,1085
Watonwan,MN,99000,27165
Morrow,OR,187400,41049
Alleghany,NC,229950,37005
Essex,VA,234925,51057
Mackinac,MI,163700,26097
Skamania,WA,335000,53059
Cumberland,IL,99500,17035
Candler,GA,166150,13043
Emery,UT,126950,49015
Davis,UT,309900,49011
Boundary,ID,249000,16021
Middlesex,VA,293925,51119
Alcona,MI,124900,26001
Oregon,MO,86700,29149
Lake,MN,154900,27075
Winnebago,IA,106950,19189
Owen,KY,142450,21187
Sabine,TX,179000,48403
Carroll,KY,149700,21041
Clay,TX,89200,48077
Albany,NY,234500,36001
Montgomery,IA,85000,19137
Franklin,IA,79715,19069
Iron,MO,79500,29093
Switzerland,IN,145000,18155
Clay,NC,249450,37043
Lincoln,WA,139900,53043
Marion,TX,149900,48315
Runnels,TX,85000,48399
Blanco,TX,404900,48031
Towns,GA,269000,13281
Alameda,CA,753000,6001
Lorain,OH,165000,39093
Yellow Medicine,MN,80700,27173
Clinton,KY,122500,21053
Grundy,MO,90750,29079
Sublette,WY,225000,56035
McCormick,SC,239000,45065
Ochiltree,TX,137450,48357
Washington,ID,200000,16087
Nantucket,MA,2695000,25019
Teton,ID,399000,16081
Ralls,MO,134900,29173
Larimer,CO,395900,8069
Jones,NC,142350,37103
Marshall,KS,83682,20117
Butte,SD,156900,46019
Metcalfe,KY,109500,21169
Carbon,MT,299000,30009
Lanier,GA,129900,13173
Cumberland,VA,175000,51049
White Pine,NV,136950,32033
Cheyenne,NE,139000,31033
Dimmit,TX,149000,48127
Northampton,PA,249900,42095
Brown,KS,67950,20013
Camden,NC,265900,37029
Wilkinson,MS,169000,28157
Valley,ID,349900,16085
Humboldt,IA,91950,19091
Montmorency,MI,98500,26119
Stevens,MN,131450,27149
Ozark,MO,154900,29153
Rock,MN,137450,27133
Modoc,CA,150000,6049
Escambia,FL,217470,12033
Pratt,KS,84900,20151
Stephens,TX,129900,48429
Hickory,MO,99900,29085
Alger,MI,139900,26003
Cloud,KS,68000,20029
Livingston,KY,129950,21139
Montgomery,AR,150000,5097
Morgan,UT,499230,49029
Hancock,GA,177250,13141
Caldwell,MO,134900,29025
Dutchess,NY,299900,36027
Wilson,KS,56400,20205
Mitchell,TX,80000,48335
Greene,IA,79450,19073
Forest,WI,149900,55041
Deer Lodge,MT,159000,30023
Carroll,MO,92500,29033
Clarke,IA,104900,19039
Richmond,VA,214348,51159
Beaverhead,MT,265250,30001
Rosebud,MT,155400,30087
Lake,FL,239900,12069
Brewster,TX,210500,48043
Grand,UT,395000,49019
Maries,MO,119900,29125
Hamilton,NE,165750,31081
Stillwater,MT,329900,30095
Clear Creek,CO,485000,8019
Mathews,VA,273000,51115
Dawson,MT,188500,30021
Turner,GA,79900,13287
Sitka,AK,479000,2220
Fayette,KY,244900,21067
Woods,OK,85000,40151
Lafayette,FL,177450,12067
San Augustine,TX,131950,48405
Graham,NC,204497.5,37075
Baraga,MI,129900,26013
Benton,IN,66000,18007
Monroe,MO,99900,29137
Trimble,KY,135000,21223
Clearwater,ID,169000,16035
Seminole,GA,153000,13253
Winnebago,IL,112000,17201
Pocahontas,WV,119900,54075
Platte,WY,185000,56031
Oscoda,MI,79900,26135
Coffey,KS,130000,20031
Franklin City,VA,187450,51620
Johnson,WY,230000,56019
Washakie,WY,172900,56043
Schoolcraft,MI,116000,26153
Mercer,ND,189950,38057
Keith,NE,128900,31101
Rockingham,NH,369900,33015
Lyon,KY,232900,21143
McCulloch,TX,143700,48307
Custer,SD,291675,46033
Doddridge,WV,165000,54017
Searcy,AR,114000,5129
Tillman,OK,67450,40141
Monroe,IA,89000,19135
Lemhi,ID,269500,16059
Lake,OR,139900,41037
Dade,MO,102400,29057
Boulder,CO,569000,8013
Grant,KS,135000,20067
Forest,PA,69900,42053
Pendleton,WV,149000,54071
Madison,MT,459000,30057
Adair,IA,99950,19001
Mountrail,ND,182500,38061
Calhoun,WV,121950,54013
Ferry,WA,199900,53019
Pepin,WI,129900,55091
Grant,OR,160000,41023
Middlesex,MA,549000,25017
Anchorage,AK,308900,2020
Fremont,IA,83950,19071
Rappahannock,VA,454500,51157
Grant,SD,99900,46051
Lake,CO,289000,8065
Nemaha,NE,107750,31127
Weston,WY,144900,56045
Tucker,WV,177000,54093
Kane,UT,279500,49025
Fall River,SD,153900,46047
Crook,WY,200000,56011
Galveston,TX,275000,48167
Surry,VA,199900,51181
Lexington City,VA,219000,51678
Boise,ID,261000,16015
Powell,MT,192000,30077
Wallowa,OR,255000,41063
Pawnee,KS,69900,20145
Russell,KS,83900,20167
Grand Isle,VT,275000,50013
Burt,NE,82000,31021
Cumberland,KY,109000,21057
Gloucester,NJ,179900,34015
Hancock,TN,129900,47067
Fulton,KY,60900,21075
Huerfano,CO,275000,8055
Greenwood,KS,57450,20073
Rio Blanco,CO,189000,8103
Buena Vista City,VA,89900,51530
Beaver,UT,160000,49001
Ellsworth,KS,89250,20053
Sullivan,PA,159900,42113
McKenzie,ND,276950,38053
Howard,MD,464900,24027
Essex,VT,149450,50009
Menifee,KY,79900,21165
Carter,MO,161250,29035
Saguache,CO,228500,8109
Ottawa,KS,119000,20143
Grant,MN,119000,27051
Putnam,IL,120000,17155
Stark,IL,78900,17175
Morris,KS,149375,20127
Iron,WI,179900,55051
Douglas,CO,520000,8035
Haskell,TX,79900,48207
Broadwater,MT,249900,30007
Gilpin,CO,472450,8047
Lincoln,NV,166500,32017
Toole,MT,118100,30101
Cook,MN,249000,27031
Garfield,UT,234500,49017
Hamilton,NY,244000,36041
Mineral,NV,68250,32021
Musselshell,MT,134900,30065
Lancaster,NE,219450,31109
Ouray,CO,575000,8091
Florence,WI,153000,55037
Custer,ID,308800,16037
Custer,CO,348700,8027
Columbia,WA,157400,53013
Wahkiakum,WA,279000,53069
Adams,ID,275000,16003
Catron,NM,199900,35003
Costilla,CO,154750,8023
Real,TX,190000,48385
Spartanburg,SC,190000,45083
Rich,UT,288000,49033
Hinsdale,CO,399000,8053
Mineral,CO,369000,8079
Cidra,PR,130000,72041
Coamo,PR,118000,72043
Ponce,PR,85000,72113
Caguas,PR,118000,72025
Gurabo,PR,167500,72063
Juncos,PR,105500,72077
Rincon,PR,220000,72117
Cumberland,ME,333900,23005
Arecibo,PR,90000,72013
Bayamon,PR,98100,72021
Hatillo,PR,148500,72065
Humacao,PR,263250,72069
Isabela,PR,187500,72071
Naguabo,PR,81000,72103
Carolina,PR,119850,72031
Guaynabo,PR,215000,72061
Mayaguez,PR,143999,72097
San Juan,PR,180000,72127
Ingham,MI,124900,26065
Toa Baja,PR,105000,72137
Aguadilla,PR,174000,72005
Cabo Rojo,PR,154900,72023
Vega Alta,PR,155000,72143
Vega Baja,PR,118950,72145
San German,PR,149750,72125
Las Piedras,PR,130000,72085
San Lorenzo,PR,108500,72129
Trujillo Alto,PR,118300,72139
Erie,PA,132900,42049
Suffolk,NY,499000,36103
Lubbock,TX,205900,48303
Saint Lucie,FL,239000,12111
Leon,FL,195000,12073
Greene,MO,145000,29077
Hamilton,IN,340000,18057
Atlantic,NJ,209900,34001
New London,CT,249900,9011
Saint Clair,IL,124900,17163
San Luis Obispo,CA,659000,6079
Horry,SC,200000,45051
Sacramento,CA,349500,6067
Madison,IL,119575,17119
Osceola,FL,259000,12097
Dauphin,PA,169900,42043
Durham,NC,265000,37063
Saint Joseph,IN,129900,18141
Chatham,GA,239000,13051
Ottawa,MI,254535,26139
Rutherford,TN,259000,47149
Lexington,SC,199900,45063
Santa Cruz,CA,849000,6087
Bronx,NY,325000,36005
Clayton,GA,129900,13063
Merced,CA,270000,6047
Cleveland,OK,210000,40027
Caddo,LA,159900,22017
Weld,CO,365000,8123
Marin,CA,1199000,6041
Jefferson,TX,160000,48245
Thurston,WA,289900,53067
Kitsap,WA,334450,53035
Kalamazoo,MI,175000,26077
Nassau,NY,569000,36059
Webb,TX,182990,48479
Brown,WI,189900,55009
Alachua,FL,224900,12001
Hinds,MS,149000,28049
Harford,MD,286000,24025
Yakima,WA,224450,53077
Norfolk City,VA,209900,51710
Mahoning,OH,100000,39099
Buncombe,NC,375000,37021
Washington,MN,369900,27163
Palm Beach,FL,346581.5,12099
Cumberland,PA,229900,42041
McLennan,TX,189900,48309
Oneida,NY,139000,36065
Saint Tammany,LA,250000,22103
Frederick,MD,350000,24021
Weber,UT,227900,49057
Lake,OH,158000,39085
Montgomery,AL,134500,1101
York,SC,285000,45091
Chesapeake City,VA,319900,51550
Cuyahoga,OH,135000,39035
Clay,MO,210000,29047
Lafayette,LA,224500,22055
Benton,AR,264900,5007
Butte,CA,287795,6007
Saratoga,NY,322900,36091
Jefferson,MO,189900,29099
Niagara,NY,129900,36063
Barnstable,MA,499000,25001
Lackawanna,PA,138000,42069
Cherokee,GA,309000,13057
Hillsborough,FL,255000,12057
Warren,OH,274900,39165
Linn,IA,184500,19113
Yavapai,AZ,349900,4025
Trumbull,OH,89900,39155
Smith,TX,249900,48423
Dona Ana,NM,202950,35013
Washington,PA,174900,42125
Arlington,VA,649900,51013
Gaston,NC,190000,37071
Richmond City,VA,249970,51760
Maricopa,AZ,294997,4013
Allegheny,PA,175000,42003
Henry,GA,202900,13151
Jackson,OR,339900,41029
Washington,AR,249900,5143
New Hanover,NC,301745,37129
Union,NC,364900,37179
Whatcom,WA,385000,53073
Champaign,IL,154900,17019
Yolo,CA,446000,6113
Broome,NY,119000,36007
Richmond,GA,210000,13245
Oakland,MI,299900,26125
Saint Louis,MN,164900,27137
Mohave,AZ,223000,4015
Saginaw,MI,116250,26145
Elkhart,IN,154900,18039
Sangamon,IL,147700,17167
Clermont,OH,204400,39025
Sussex,DE,329900,10005
York,ME,320000,23031
Yuma,AZ,180000,4027
Racine,WI,249900,55101
Franklin,OH,199638.5,39049
Shelby,AL,269900,1117
Brazos,TX,298350,48041
Tuscaloosa,AL,189900,1125
Kanawha,WV,145000,54039
Calcasieu,LA,218950,22019
Clay,FL,230500,12019
Saint Johns,FL,339000,12109
Litchfield,CT,299000,9005
Muscogee,GA,130000,13215
Canyon,ID,207055,16027
Hennepin,MN,324990,27053
Anderson,SC,199900,45007
Harrison,MS,174900,28047
Peoria,IL,139900,17143
Hawaii,HI,426250,15001
Butler,PA,264900,42019
Williamson,TN,530006.5,47187
Ulster,NY,249000,36111
Baldwin,AL,299900,1003
El Dorado,CA,499900,6017
Livingston,MI,279900,26093
Orange,FL,310000,12095
Okaloosa,FL,285000,12091
Newport News City,VA,179800,51700
Vanderburgh,IN,117900,18163
Hall,GA,279027.5,13139
Cabarrus,NC,255335,37025
Shawnee,KS,112750,20177
Berkeley,SC,249990,45015
Onslow,NC,164900,37133
Shasta,CA,279900,6089
Outagamie,WI,184900,55087
Fairfax,VA,570000,51059
Forsyth,GA,379995,13117
Benton,WA,305694,53005
Imperial,CA,235000,6025
Delaware,OH,359900,39041
Tippecanoe,IN,188800,18157
Hernando,FL,178000,12053
Medina,OH,235990,39103
Montgomery,TN,189000,47125
Muskegon,MI,129900,26121
Beaver,PA,139900,42007
Contra Costa,CA,580000,6013
Monroe,PA,158000,42089
McLean,IL,159900,17113
Minnehaha,SD,208500,46099
Johnston,NC,237900,37101
Bay,FL,249900,12005
Pitt,NC,159950,37147
Carroll,MD,350000,24013
Winnebago,WI,229900,55139
Licking,OH,225000,39089
Kenosha,WI,179900,55059
Salt Lake,UT,350000,49035
Kent,RI,244900,44003
Middlesex,CT,309900,9007
Scott,IA,198500,19163
Porter,IN,234950,18127
Saint Clair,MI,159999,26147
Davidson,NC,169900,37057
Boone,MO,220000,29019
Kent,DE,235000,10001
Beaufort,SC,379000,45013
Greene,OH,184445,39057
Travis,TX,385000,48453
Portage,OH,179900,39133
DeSoto,MS,225900,28033
Sumner,TN,312250,47165
Rock,WI,154900,55105
Jackson,MI,139000,26075
Aiken,SC,189900,45003
Charlotte,FL,244900,12015
Kenton,KY,155950,21117
Iredell,NC,288765,37097
Rensselaer,NY,199000,36083
Saint Louis,MO,207950,29189
Pueblo,CO,193900,8101
Sarpy,NE,269000,31153
Hampshire,MA,294456.5,25015
Deschutes,OR,420000,41017
Wyandotte,KS,129999.5,20209
Hays,TX,294085,48209
Cumberland,NJ,126450,34011
Sullivan,TN,164500,47163
Berrien,MI,199900,26021
Chittenden,VT,393900,50007
San Diego,CA,619000,6073
Pima,AZ,225000,4019
Bibb,GA,124250,13021
Maui,HI,679450,15009
Schenectady,NY,164900,36093
Catawba,NC,224900,37035
Centre,PA,265000,42027
Penobscot,ME,149900,23019
Ouachita,LA,219950,22073
Kings,CA,239900,6031
Tolland,CT,259900,9013
Monroe,MI,157900,26115
Montgomery,MD,499900,24031
Santa Rosa,FL,245450,12113
Alamance,NC,184900,37001
Johnson,TX,235000,48251
Madera,CA,297900,6039
Stearns,MN,189900,27145
Cass,ND,251625,38017
Franklin,PA,189900,42055
Ellis,TX,290000,48139
Sussex,NJ,214900,34037
Schuylkill,PA,69900,42107
Honolulu,HI,630000,15003
Yellowstone,MT,260000,30111
Rock Island,IL,119000,17161
Washington,MD,200950,24043
Mesa,CO,250000,8077
Charles,MD,329900,24017
Merrimack,NH,269900,33013
Martin,FL,339000,12085
Hendricks,IN,230495,18063
Santa Fe,NM,469000,35049
Cambria,PA,72000,42021
Westchester,NY,589700,36119
Paulding,GA,243455,13223
Randolph,NC,151900,37151
Rankin,MS,219500,28121
Citrus,FL,179000,12017
Lee,AL,259000,1081
Houston,GA,185000,13153
Jackson,MS,156900,28059
Johnson,IN,214450,18081
Kootenai,ID,339900,16055
Rowan,NC,178950,37159
Milwaukee,WI,149900,55079
Clark,OH,99900,39023
Washington,UT,324900,49053
Indian River,FL,269900,12061
Monroe,IN,225000,18105
Hampton City,VA,175000,51650
Ector,TX,189900,48135
Florence,SC,166889,45041
Midland,TX,261245,48329
Fayette,PA,125000,42051
Dorchester,SC,255000,45035
Fresno,CA,285000,6019
Napa,CA,799950,6055
Calhoun,MI,109900,26025
Tazewell,IL,135500,17179
Chautauqua,NY,123250,36013
Humboldt,CA,374950,6023
Coconino,AZ,398000,4005
Robeson,NC,118000,37155
Marathon,WI,145000,55073
Orange,NC,382500,37135
Lebanon,PA,219900,42075
Shelby,TN,159900,47157
Douglas,GA,189900,13097
Washington,WI,245000,55131
Madison,IN,92500,18095
Rapides,LA,182500,22079
Sandoval,NM,239900,35043
Guadalupe,TX,254195,48187
Taylor,TX,169900,48441
Wichita,TX,107500,48485
Cochise,AZ,155000,4003
Berkshire,MA,293887.5,25003
Fulton,GA,354000,13121
Black Hawk,IA,149700,19013
Johnson,IA,289900,19103
San Juan,NM,199000,35045
Scott,MN,339900,27139
Stafford,VA,369900,51179
Hunterdon,NJ,419000,34019
Livingston,LA,192000,22063
Coweta,GA,268311,13077
Blair,PA,121000,42013
Washington,RI,429900,44009
Mecklenburg,NC,299000,37119
Sebastian,AR,148250,5131
Wood,OH,199000,39173
Wright,MN,284900,27171
Richland,OH,115000,39139
Comanche,OK,109500,40031
Columbia,GA,239900,13073
Strafford,NH,262900,33017
Blount,TN,229900,47009
Washington,TN,204900,47179
Wayne,NC,164900,37191
Erie,NY,169900,36029
Spotsylvania,VA,312200,51177
Kennebec,ME,167700,23011
Oswego,NY,109900,36075
Gregg,TX,174000,48183
Tangipahoa,LA,183900,22105
Potter,TX,163000,48375
Grayson,TX,227702,48181
Randall,TX,201960,48381
Morgan,AL,167350,1103
Pickens,SC,236090,45077
Orange,CA,765000,6059
Du Page,IL,334999,17043
Boone,KY,224900,21015
Calhoun,AL,117000,1015
Windham,CT,209900,9015
Delaware,IN,77450,18035
Jasper,MO,125000,29097
Bossier,LA,222250,22015
Parker,TX,325000,48367
Skagit,WA,349000,53057
Clarke,GA,185000,13059
Linn,OR,259000,41043
Fairfield,CT,549900,9001
Mercer,PA,129900,42085
Jefferson,NY,144975,36045
Lycoming,PA,170000,42081
Canadian,OK,205000,40017
Sheboygan,WI,184900,55117
Kendall,IL,242695,17093
Harnett,NC,189500,37085
La Crosse,WI,209900,55063
Wayne,OH,139700,39169
Wilson,TN,344900,47189
Pinellas,FL,275000,12103
La Salle,IL,117000,17099
Warren,KY,213100,21227
Kankakee,IL,136000,17091
Faulkner,AR,172000,5045
Cache,UT,290000,49005
Saint Lawrence,NY,99700,36089
Terrebonne,LA,170000,22109
La Porte,IN,176000,18091
Allegan,MI,229900,26005
Douglas,KS,235000,20045
Bergen,NJ,539000,34003
Macon,IL,99000,17115
Carroll,GA,159900,13045
Clark,IN,244900,18019
Tom Green,TX,195000,48451
Missoula,MT,345000,30063
Lowndes,GA,159900,13185
Warren,NJ,221375.5,34041
Comal,TX,339000,48091
Ontario,NY,225000,36069
Vigo,IN,89900,18167
Marion,IN,145900,18097
Columbiana,OH,99900,39029
Bay,MI,88000,26017
Eaton,MI,161950,26045
Androscoggin,ME,169900,23001
Douglas,OR,219900,41019
Sumter,SC,152924,45085
Navajo,AZ,255000,4017
Brunswick,NC,289000,37019
Ascension,LA,252900,22005
Saline,AR,184900,5125
Wake,NC,343990,37183
Henderson,NC,325000,37089
Fayette,GA,350000,13113
Allen,OH,112100,39003
Hardin,KY,165000,21093
DeKalb,IL,175850,17037
Saint Marys,MD,299000,24037
Etowah,AL,145000,1055
Bonneville,ID,206950,16019
Berkeley,WV,189900,54003
Craven,NC,179900,37049
Hartford,CT,239900,9003
Kaufman,TX,248990,48257
Whitfield,GA,159900,13313
Miami,OH,177745,39109
Cowlitz,WA,249900,53015
Walworth,WI,257500,55127
Woodbury,IA,162500,19193
Fond du Lac,WI,139400,55039
Tompkins,NY,249900,36109
Houston,AL,154900,1069
Ashtabula,OH,109000,39007
Duval,FL,205400,12031
Franklin,MO,179000,29071
Adams,PA,226724,42001
Cecil,MD,262747.5,24015
Pennington,SD,235000,46103
Bartow,GA,199900,13015
Newton,GA,189900,13217
Lenawee,MI,139900,26091
Hanover,VA,333000,51085
Putnam,NY,398350,36079
Cass,MO,235995,29037
Prince Georges,MD,299900,24033
Yamhill,OR,359900,41071
Steuben,NY,129500,36101
Albemarle,VA,495000,51003
Bradley,TN,194400,47011
Highlands,FL,149900,12055
Nevada,CA,525000,6057
Eau Claire,WI,184900,55035
Wicomico,MD,159999,24045
Madison,TN,144700,47113
Cleveland,NC,139900,37045
New Haven,CT,249900,9009
Fairbanks North Star,AK,219150,2090
Cape May,NJ,398000,34009
Roanoke City,VA,128750,51770
Daviess,KY,180150,21059
Craighead,AR,164500,5031
Cabell,WV,120000,54011
Lafourche,LA,179000,22057
Floyd,GA,156200,13115
Monongalia,WV,243700,54061
Garland,AR,199500,5051
Kings,NY,805000,36047
Macomb,MI,172900,26099
Nash,NC,140000,37127
Flagler,FL,269000,12035
Portsmouth City,VA,155000,51740
Madison,MS,319250,28089
Sutter,CA,299000,6101
Dougherty,GA,103000,13095
Montgomery,VA,249900,51121
Wayne,NY,125700,36117
Dubuque,IA,195000,19061
Rockingham,NC,124900,37157
Kern,CA,240500,6029
Sumter,FL,264900,12119
Geauga,OH,289900,39055
Pottawattamie,IA,125000,19155
Marshall,AL,178450,1095
Lauderdale,AL,167975,1077
Tuscarawas,OH,124900,39157
Bowie,TX,155000,48037
Orangeburg,SC,129900,45075
Roanoke,VA,229950,51161
Laramie,WY,265000,56021
Ventura,CA,649900,6111
Lawrence,PA,79900,42073
Carver,MN,375000,27019
Flathead,MT,398250,30029
Campbell,KY,183900,21037
Sevier,TN,234900,47155
Story,IA,235650,19169
Gallatin,MT,415000,30031
Platte,MO,301500,29165
Buchanan,MO,106000,29021
Grant,WA,199000,53025
Middlesex,NJ,319950,34023
Grafton,NH,225400,33009
Matanuska Susitna,AK,264750,2170
Indiana,PA,119900,42063
Chemung,NY,120000,36015
Crawford,PA,116000,42039
Dodge,WI,142900,55027
Calvert,MD,339500,24009
Sherburne,MN,254950,27141
Lapeer,MI,185000,26087
Moore,NC,289000,37125
Gwinnett,GA,254420,13135
Mendocino,CA,498000,6045
Grand Traverse,MI,289900,26055
Wood,WV,136500,54107
Rogers,OK,199900,40131
Victoria,TX,189900,48469
Angelina,TX,169900,48005
Ozaukee,WI,335000,55089
Hunt,TX,189900,48231
Muskingum,OH,129900,39119
Benton,OR,359900,41003
San Francisco,CA,1195000,6075
Rockdale,GA,174900,13247
Suffolk City,VA,289000,51800
Saint Croix,WI,279990,55109
Walton,GA,246900,13297
Midland,MI,144900,26111
Saint Clair,AL,208975,1115
Saint Landry,LA,145000,22097
Caldwell,NC,169900,37027
Madison,KY,174900,21151
Lee,MS,175000,28081
Baltimore,MD,254900,24005
Newport,RI,499000,44005
Bannock,ID,152450,16005
Limestone,AL,225000,1083
Howard,IN,83700,18067
Josephine,OR,339900,41033
Talladega,AL,149900,1121
Clinton,NY,152000,36019
Orange,TX,149900,48361
Clearfield,PA,124900,42033
Vermilion,IL,69900,17183
Hamilton,OH,169500,39061
Manitowoc,WI,114900,55071
Cascade,MT,193450,30013
Burleigh,ND,274900,38015
Wilson,NC,144900,37195
Maury,TN,254450,47119
Cullman,AL,219000,1043
Cattaraugus,NY,116000,36009
Lauderdale,MS,138900,28075
Cayuga,NY,131450,36011
Glynn,GA,360000,13127
El Paso,TX,161950,48141
Scioto,OH,112250,39145
Elmore,AL,192900,1051
Raleigh,WV,139900,54081
Henderson,TX,240000,48213
Island,WA,389000,53029
Rockwall,TX,329669.5,48397
Frederick,VA,299900,51069
Lincoln,NC,304900,37109
Franklin,WA,285000,53021
Ross,OH,135000,39141
Montgomery,PA,315000,42091
Somerset,PA,163200,42111
Sullivan,NY,162900,36105
Jefferson,AR,88000,5069
Christian,MO,209900,29043
Kosciusko,IN,199000,18085
Payne,OK,180000,40119
Twin Falls,ID,237990,16083
Cheshire,NH,212000,33005
Erie,OH,159900,39043
White,AR,147000,5145
Miami-Dade,FL,388000,12086
Worcester,MA,289900,25027
Bartholomew,IN,199900,18005
Lancaster,SC,295900,45057
Valencia,NM,155000,35061
Rockingham,VA,239900,51165
Van Buren,MI,194900,26159
Leavenworth,KS,225900,20103
Cole,MO,157900,29051
Umatilla,OR,187500,41059
Cape Girardeau,MO,164900,29031
Liberty,TX,199900,48291
Pierce,WA,315000,53053
Lynchburg City,VA,155900,51680
Lewis,WA,239900,53041
Natrona,WY,219900,56025
Polk,OR,299949.5,41053
Coryell,TX,135750,48099
Clinton,MI,210000,26037
Anderson,TN,159900,47001
Allegany,MD,94700,24001
Forrest,MS,149500,28035
Hancock,OH,167900,39063
Essex,NJ,290000,34013
Wood,WI,121449.5,55141
Floyd,IN,169900,18043
Putnam,FL,139900,12107
Bullitt,KY,199900,21029
Oconee,SC,235000,45073
Bastrop,TX,255000,48021
Christian,KY,124700,21047
Augusta,VA,246750,51015
Surry,NC,149900,37171
Madison,NY,164950,36053
Collin,TX,379662.5,48085
Nassau,FL,295000,12089
Iberia,LA,145500,22045
Monroe,FL,699000,12087
Wagoner,OK,168500,40145
Grays Harbor,WA,179900,53027
Chelan,WA,294250,53007
Putnam,TN,204900,47141
Yuba,CA,281200,6115
Aroostook,ME,99974.5,23003
Apache,AZ,199999,4001
Hidalgo,TX,181680,48215
McKinley,NM,149900,35031
Clallam,WA,299250,53009
Franklin,MA,229000,25011
Riley,KS,209990,20161
De Kalb,AL,152450,1049
Muskogee,OK,115000,40101
Shiawassee,MI,114900,26155
Belmont,OH,124900,39013
Isabella,MI,136000,26073
Bulloch,GA,167500,13031
Monroe,NY,141900,36055
Grant,IN,70700,18053
Portage,WI,194700,55097
Hancock,IN,200990,18059
Creek,OK,130000,40037
Jefferson,OH,81800,39081
Greenwood,SC,149999,45047
Pottawatomie,OK,143000,40125
Barrow,GA,187445,13013
Wilkes,NC,189500,37193
Harrison,WV,145000,54033
Essex,MA,439000,25009
Armstrong,PA,91413,42005
Wayne,IN,80999.5,18177
Morgan,IN,186900,18109
Greene,TN,159900,47059
Walker,GA,144900,13295
Darlington,SC,150950,45031
Bedford,VA,304500,51019
Lonoke,AR,149900,5085
Walker,TX,229900,48471
Rutherford,NC,239900,37161
Jefferson,KY,183000,21111
Jones,MS,133450,28067
Columbia,FL,189000,12023
Columbia,PA,149900,42037
Adams,IL,122000,17001
Kauai,HI,724419,15007
Marquette,MI,156000,26103
Troup,GA,154900,13285
Walker,AL,139900,1127
James City,VA,335000,51095
Laurens,SC,159000,45059
Multnomah,OR,409000,41051
Marion,OH,88200,39101
Carteret,NC,298990,37031
Klamath,OR,199000,41035
Williamson,IL,138500,17199
Robertson,TN,244944,47147
Dallas,IA,299500,19049
Salem,NJ,114900,34033
Butler,KS,189900,20015
Warren,NY,239949.5,36113
Chaves,NM,152250,35005
Suffolk,MA,667000,25025
Harrison,TX,189900,48203
McCracken,KY,162700,21145
York,VA,329900,51199
Livingston,NY,139900,36051
Saint Francois,MO,124900,29187
Carbon,PA,149900,42025
Fauquier,VA,455900,51061
Pike,KY,139000,21195
San Patricio,TX,179999,48409
Athens,OH,178750,39009
Dallas,TX,299900,48113
Oklahoma,OK,215000,40109
Lea,NM,172900,35025
Lake,CA,259000,6033
Nacogdoches,TX,199900,48347
Herkimer,NY,124900,36043
Reno,KS,109700,20155
Rice,MN,328900,27131
Spalding,GA,119999,13255
Blue Earth,MN,234000,27013
Catoosa,GA,174450,13047
Ionia,MI,139900,26067
San Mateo,CA,1284453.5,6081
Otero,NM,174900,35035
Pittsylvania,VA,147900,51143
Chatham,NC,450000,37037
Tehama,CA,239000,6103
Liberty,GA,160450,13179
Sampson,NC,149900,37163
Lewis and Clark,MT,274200,30049
Montcalm,MI,137200,26117
Washington,NY,157000,36115
Columbia,NY,312450,36021
Snohomish,WA,425000,53061
Pulaski,KY,159900,21199
Coos,OR,243000,41011
Bradford,PA,139900,42015
Hamblen,TN,144900,47063
Crow Wing,MN,240000,27035
Lawrence,OH,135000,39087
Chippewa,WI,187450,55017
Mercer,WV,110000,54055
Otsego,NY,160000,36077
Sauk,WI,199900,55111
Lake,IL,319000,17097
Crawford,AR,144900,5033
Washington,OH,152450,39167
Acadia,LA,141500,22001
Pope,AR,146500,5115
Kershaw,SC,198000,45055
Ward,ND,207900,38101
Rutland,VT,189000,50021
Saint Joseph,MI,149900,26149
Tipton,TN,165900,47167
Starr,TX,125000,48427
Dekalb,GA,235000,13089
Sandusky,OH,114950,39143
Knox,OH,139900,39083
Mason,WA,249000,53045
Franklin,NC,247585.5,37069
Stanly,NC,205000,37167
Garfield,OK,149950,40047
Jackson,GA,239000,13157
Oldham,KY,374900,21185
Jackson,IL,105000,17077
Georgetown,SC,319900,45043
Cobb,GA,299994.5,13067
Belknap,NH,269949.5,33001
Genesee,NY,119900,36037
Granville,NC,229900,37077
Lowndes,MS,149900,28087
Warrick,IN,229900,18173
Huron,OH,117200,39077
Washington,VT,242000,50023
Lenoir,NC,115000,37107
Barry,MI,192287.5,26015
Wise,TX,284900,48497
San Joaquin,CA,359000,6077
Haywood,NC,259000,37087
Clay,MN,209900,27027
Laurel,KY,149900,21125
Walla Walla,WA,259000,53071
Hall,NE,184500,31079
Duplin,NC,159900,37061
Whiteside,IL,92500,17195
Anderson,TX,159000,48001
Tooele,UT,279900,49045
Newton,MO,150000,29145
Will,IL,239900,17197
Columbus,NC,139500,37047
Vermilion,LA,160000,22113
Lee,NC,177180,37105
Oxford,ME,189950,23017
Carter,TN,149900,47019
Pike,PA,157900,42103
Blount,AL,164900,1009
Otter Tail,MN,179000,27111
Hawkins,TN,155000,47073
Columbia,WI,215000,55021
Jackson,MO,159900,29095
Seneca,OH,97250,39147
Windsor,VT,275000,50027
Boone,IN,335000,18011
Edgecombe,NC,79900,37065
Marion,WV,139900,54049
Garfield,CO,450000,8045
Franklin,VA,349000,51067
Cumberland,TN,179000,47035
Broomfield,CO,499000,8014
Pearl River,MS,179000,28109
Norfolk,MA,549000,25021
Tuscola,MI,90000,26157
Pickaway,OH,179900,39129
Lamar,MS,209450,28073
Saline,KS,140000,20169
Fulton,NY,134400,36035
Putnam,WV,215000,54079
Kenai Peninsula,AK,254000,2122
Tuolumne,CA,298247.5,6109
Cherokee,SC,124950,45021
Carson City,NV,314900,32510
Queens,NY,558000,36081
Denton,TX,372337,48121
San Benito,CA,560000,6069
Gordon,GA,169900,13129
Walton,FL,520000,12131
Venango,PA,89900,42121
Washington,VA,207500,51191
Campbell,VA,172900,51031
Halifax,NC,119900,37083
Saint Mary,LA,144950,22101
Hardin,TX,209950,48199
Autauga,AL,179900,1001
Bernalillo,NM,225000,35001
Colbert,AL,149900,1033
Hancock,ME,299250,23009
Maverick,TX,145000,48323
Roane,TN,179900,47145
Boone,IL,189900,17007
Henry,VA,92000,51089
Chisago,MN,261750,27025
Coles,IL,87500,17029
Eddy,NM,177750,35015
Gila,AZ,279000,4007
Jefferson,AL,186000,1073
Jefferson,WV,272999,54037
Ogle,IL,135900,17141
Rusk,TX,145000,48401
Jackson,AL,168950,1071
Ashland,OH,124900,39005
Darke,OH,119900,39037
Russell,AL,125000,1113
Knox,IL,115000,17095
Wayne,PA,172750,42127
Coffee,TN,179900,47031
Hudson,NJ,450000,34017
Johnson,MO,166750,29101
Van Zandt,TX,219900,48467
Lincoln,MO,155000,29113
Grady,OK,178585,40051
Waupaca,WI,140000,55135
Vernon,LA,159200,22115
Union,OH,290000,39159
Cass,MI,225000,26027
Pulaski,MO,139900,29169
McMinn,TN,129900,47107
Monmouth,NJ,439900,34025
Effingham,GA,200000,13103
Somerset,ME,127000,23025
Pender,NC,289900,37141
Eagle,CO,999999,8037
Saint Martin,LA,191900,22099
Lyon,NV,259900,32019
Taney,MO,155000,29213
Franklin,NY,129000,36033
Winona,MN,164900,27169
Worcester,MD,295000,24047
Davidson,TN,330000,47037
Jefferson,TN,208800,47089
La Plata,CO,499000,8067
Grant,WI,135000,55043
Hood,TX,276400,48221
Washington,MS,98000,28151
Tioga,NY,129700,36107
Watauga,NC,319900,37189
Washington,OK,132900,40147
Crittenden,AR,129950,5035
Cherokee,TX,211500,48073
Providence,RI,229900,44007
Camden,GA,193872.5,13039
Chenango,NY,134700,36017
LeFlore,OK,115000,40079
Dale,AL,114900,1045
Montgomery,NY,119900,36057
Grundy,IL,213900,17063
Dearborn,IN,187200,18029
Box Elder,UT,247250,49003
Coffee,AL,161950,1031
Bristol,RI,419450,44001
Bucks,PA,375000,42017
Lamar,TX,159450,48277
Bedford,PA,135500,42009
Jackson,FL,139500,12063
Gibson,TN,99900,47053
Dickson,TN,227250,47043
Kerr,TX,329000,48265
Boyd,KY,119000,21019
Henry,IN,84900,18065
Shelby,OH,123700,39149
Columbia,OR,309900,41009
El Paso,CO,324900,8041
Cortland,NY,124900,36023
Franklin,KY,140000,21073
Greene,NY,219900,36039
Clinton,IA,89900,19045
Calumet,WI,189900,55015
Allegany,NY,84700,36003
Harrisonburg City,VA,219900,51660
Val Verde,TX,161000,48465
Elko,NV,258900,32007
Warren,MS,136000,28149
Baltimore City,MD,139900,24510
Loudon,TN,302900,47105
Newaygo,MI,129900,26123
Laurens,GA,139900,13175
Curry,NM,158500,35009
Delaware,NY,168000,36025
Carroll,NH,269900,33003
Queen Annes,MD,385000,24035
Macoupin,IL,84500,17117
Beaufort,NC,219500,37013
Franklin,VT,220000,50011